start_type,language,architecture,operation,execution_time_ms
cold,c#,x86,ecc256_sign,7102.2005
cold,c#,x86,ecc256_sign,190.5616
cold,c#,x86,ecc256_sign,146.3222
cold,c#,x86,ecc256_sign,138.7627
cold,c#,x86,ecc256_sign,148.2994
cold,c#,x86,ecc256_sign,116.8443
cold,c#,x86,ecc256_sign,128.1084
cold,c#,x86,ecc256_sign,134.5152
cold,c#,x86,ecc256_sign,141.9024
cold,c#,x86,ecc256_sign,122.6662
cold,c#,x86,ecc256_sign,115.0789
cold,c#,x86,ecc256_sign,127.9933
cold,c#,x86,ecc256_sign,110.2364
cold,c#,x86,ecc256_sign,174.9963
cold,c#,x86,ecc256_sign,111.1359
cold,c#,x86,ecc256_sign,98.2899
cold,c#,x86,ecc256_sign,120.848
cold,c#,x86,ecc256_sign,117.4287
cold,c#,x86,ecc256_sign,122.9895
cold,c#,x86,ecc256_sign,153.0748
cold,c#,x86,ecc256_sign,104.7762
cold,c#,x86,ecc256_sign,118.8361
cold,c#,x86,ecc256_sign,109.8172
cold,c#,x86,ecc256_sign,104.7806
cold,c#,x86,ecc256_sign,97.9563
cold,c#,x86,ecc256_sign,108.0145
cold,c#,x86,ecc256_sign,112.6387
cold,c#,x86,ecc256_sign,98.5807
cold,c#,x86,ecc256_sign,121.1187
cold,c#,x86,ecc256_sign,87.1087
cold,c#,x86,ecc256_verify,7431.7813
cold,c#,x86,ecc256_verify,136.8473
cold,c#,x86,ecc256_verify,121.9961
cold,c#,x86,ecc256_verify,249.7066
cold,c#,x86,ecc256_verify,181.8717
cold,c#,x86,ecc256_verify,105.0749
cold,c#,x86,ecc256_verify,95.6693
cold,c#,x86,ecc256_verify,75.7759
cold,c#,x86,ecc256_verify,78.1759
cold,c#,x86,ecc256_verify,69.4359
cold,c#,x86,ecc256_verify,123.5582
cold,c#,x86,ecc256_verify,70.5457
cold,c#,x86,ecc256_verify,188.3446
cold,c#,x86,ecc256_verify,84.4963
cold,c#,x86,ecc256_verify,106.8382
cold,c#,x86,ecc256_verify,78.6002
cold,c#,x86,ecc256_verify,73.349
cold,c#,x86,ecc256_verify,108.252
cold,c#,x86,ecc256_verify,90.0267
cold,c#,x86,ecc256_verify,86.1507
cold,c#,x86,ecc256_verify,80.2386
cold,c#,x86,ecc256_verify,74.557
cold,c#,x86,ecc256_verify,69.9253
cold,c#,x86,ecc256_verify,71.4228
cold,c#,x86,ecc256_verify,96.6289
cold,c#,x86,ecc256_verify,97.3988
cold,c#,x86,ecc256_verify,75.89
cold,c#,x86,ecc256_verify,96.2793
cold,c#,x86,ecc256_verify,67.5822
cold,c#,x86,ecc256_verify,72.6072
cold,c#,x86,ecc384_sign,7442.8756
cold,c#,x86,ecc384_sign,156.6877
cold,c#,x86,ecc384_sign,151.8957
cold,c#,x86,ecc384_sign,142.9021
cold,c#,x86,ecc384_sign,138.4162
cold,c#,x86,ecc384_sign,112.5339
cold,c#,x86,ecc384_sign,190.4343
cold,c#,x86,ecc384_sign,147.8921
cold,c#,x86,ecc384_sign,134.588
cold,c#,x86,ecc384_sign,130.7471
cold,c#,x86,ecc384_sign,117.0994
cold,c#,x86,ecc384_sign,129.6386
cold,c#,x86,ecc384_sign,143.7448
cold,c#,x86,ecc384_sign,120.8263
cold,c#,x86,ecc384_sign,130.2964
cold,c#,x86,ecc384_sign,109.4678
cold,c#,x86,ecc384_sign,109.2463
cold,c#,x86,ecc384_sign,106.8602
cold,c#,x86,ecc384_sign,102.6846
cold,c#,x86,ecc384_sign,113.2056
cold,c#,x86,ecc384_sign,106.1722
cold,c#,x86,ecc384_sign,148.9798
cold,c#,x86,ecc384_sign,99.6376
cold,c#,x86,ecc384_sign,105.4196
cold,c#,x86,ecc384_sign,113.2413
cold,c#,x86,ecc384_sign,116.9962
cold,c#,x86,ecc384_sign,106.4596
cold,c#,x86,ecc384_sign,107.7395
cold,c#,x86,ecc384_sign,97.0636
cold,c#,x86,ecc384_sign,124.9538
cold,c#,x86,ecc384_verify,7107.8751
cold,c#,x86,ecc384_verify,100.8559
cold,c#,x86,ecc384_verify,129.6433
cold,c#,x86,ecc384_verify,105.4792
cold,c#,x86,ecc384_verify,95.4309
cold,c#,x86,ecc384_verify,88.9839
cold,c#,x86,ecc384_verify,86.6131
cold,c#,x86,ecc384_verify,154.4479
cold,c#,x86,ecc384_verify,125.0244
cold,c#,x86,ecc384_verify,80.3437
cold,c#,x86,ecc384_verify,87.569
cold,c#,x86,ecc384_verify,89.2941
cold,c#,x86,ecc384_verify,79.7302
cold,c#,x86,ecc384_verify,79.7304
cold,c#,x86,ecc384_verify,77.0197
cold,c#,x86,ecc384_verify,123.5114
cold,c#,x86,ecc384_verify,92.9641
cold,c#,x86,ecc384_verify,77.1571
cold,c#,x86,ecc384_verify,81.5756
cold,c#,x86,ecc384_verify,75.3666
cold,c#,x86,ecc384_verify,85.479
cold,c#,x86,ecc384_verify,72.1091
cold,c#,x86,ecc384_verify,72.1992
cold,c#,x86,ecc384_verify,95.3427
cold,c#,x86,ecc384_verify,66.1962
cold,c#,x86,ecc384_verify,74.3447
cold,c#,x86,ecc384_verify,63.427
cold,c#,x86,ecc384_verify,75.4476
cold,c#,x86,ecc384_verify,93.5689
cold,c#,x86,ecc384_verify,90.0956
cold,c#,x86,rsa2048_decrypt,6979.979
cold,c#,x86,rsa2048_decrypt,141.8406
cold,c#,x86,rsa2048_decrypt,159.1879
cold,c#,x86,rsa2048_decrypt,135.0113
cold,c#,x86,rsa2048_decrypt,122.308
cold,c#,x86,rsa2048_decrypt,116.2689
cold,c#,x86,rsa2048_decrypt,140.7418
cold,c#,x86,rsa2048_decrypt,130.7984
cold,c#,x86,rsa2048_decrypt,166.7077
cold,c#,x86,rsa2048_decrypt,115.6441
cold,c#,x86,rsa2048_decrypt,138.2769
cold,c#,x86,rsa2048_decrypt,125.1103
cold,c#,x86,rsa2048_decrypt,354.8002
cold,c#,x86,rsa2048_decrypt,184.9696
cold,c#,x86,rsa2048_decrypt,142.879
cold,c#,x86,rsa2048_decrypt,139.8462
cold,c#,x86,rsa2048_decrypt,114.8593
cold,c#,x86,rsa2048_decrypt,140.2813
cold,c#,x86,rsa2048_decrypt,126.6934
cold,c#,x86,rsa2048_decrypt,121.4094
cold,c#,x86,rsa2048_decrypt,132.846
cold,c#,x86,rsa2048_decrypt,128.3817
cold,c#,x86,rsa2048_decrypt,120.8577
cold,c#,x86,rsa2048_decrypt,124.6919
cold,c#,x86,rsa2048_decrypt,112.4658
cold,c#,x86,rsa2048_decrypt,118.2914
cold,c#,x86,rsa2048_decrypt,110.3596
cold,c#,x86,rsa2048_decrypt,137.515
cold,c#,x86,rsa2048_decrypt,118.6419
cold,c#,x86,rsa2048_decrypt,118.7823
cold,c#,x86,rsa2048_encrypt,6767.6705
cold,c#,x86,rsa2048_encrypt,131.2293
cold,c#,x86,rsa2048_encrypt,143.1995
cold,c#,x86,rsa2048_encrypt,100.7302
cold,c#,x86,rsa2048_encrypt,91.6438
cold,c#,x86,rsa2048_encrypt,82.1165
cold,c#,x86,rsa2048_encrypt,83.1147
cold,c#,x86,rsa2048_encrypt,66.8984
cold,c#,x86,rsa2048_encrypt,349.7146
cold,c#,x86,rsa2048_encrypt,155.9764
cold,c#,x86,rsa2048_encrypt,90.7151
cold,c#,x86,rsa2048_encrypt,91.2641
cold,c#,x86,rsa2048_encrypt,75.3313
cold,c#,x86,rsa2048_encrypt,75.0996
cold,c#,x86,rsa2048_encrypt,79.2063
cold,c#,x86,rsa2048_encrypt,71.2463
cold,c#,x86,rsa2048_encrypt,82.7073
cold,c#,x86,rsa2048_encrypt,70.2121
cold,c#,x86,rsa2048_encrypt,70.0641
cold,c#,x86,rsa2048_encrypt,85.9789
cold,c#,x86,rsa2048_encrypt,69.9202
cold,c#,x86,rsa2048_encrypt,124.0043
cold,c#,x86,rsa2048_encrypt,68.0687
cold,c#,x86,rsa2048_encrypt,71.0715
cold,c#,x86,rsa2048_encrypt,92.2255
cold,c#,x86,rsa2048_encrypt,68.1254
cold,c#,x86,rsa2048_encrypt,73.7038
cold,c#,x86,rsa2048_encrypt,77.3716
cold,c#,x86,rsa2048_encrypt,59.7275
cold,c#,x86,rsa2048_encrypt,77.6447
cold,c#,x86,rsa3072_decrypt,7321.0626
cold,c#,x86,rsa3072_decrypt,156.7485
cold,c#,x86,rsa3072_decrypt,156.5308
cold,c#,x86,rsa3072_decrypt,141.7238
cold,c#,x86,rsa3072_decrypt,145.9963
cold,c#,x86,rsa3072_decrypt,125.051
cold,c#,x86,rsa3072_decrypt,275.3687
cold,c#,x86,rsa3072_decrypt,145.2843
cold,c#,x86,rsa3072_decrypt,138.6258
cold,c#,x86,rsa3072_decrypt,160.8297
cold,c#,x86,rsa3072_decrypt,117.5115
cold,c#,x86,rsa3072_decrypt,135.4602
cold,c#,x86,rsa3072_decrypt,139.745
cold,c#,x86,rsa3072_decrypt,125.3618
cold,c#,x86,rsa3072_decrypt,120.3414
cold,c#,x86,rsa3072_decrypt,119.3678
cold,c#,x86,rsa3072_decrypt,128.5223
cold,c#,x86,rsa3072_decrypt,118.369
cold,c#,x86,rsa3072_decrypt,162.2025
cold,c#,x86,rsa3072_decrypt,118.0791
cold,c#,x86,rsa3072_decrypt,120.1579
cold,c#,x86,rsa3072_decrypt,112.8007
cold,c#,x86,rsa3072_decrypt,150.142
cold,c#,x86,rsa3072_decrypt,123.1192
cold,c#,x86,rsa3072_decrypt,136.217
cold,c#,x86,rsa3072_decrypt,111.3656
cold,c#,x86,rsa3072_decrypt,111.3905
cold,c#,x86,rsa3072_decrypt,111.29
cold,c#,x86,rsa3072_decrypt,244.8855
cold,c#,x86,rsa3072_decrypt,7078.6988
cold,c#,x86,rsa3072_encrypt,6784.7615
cold,c#,x86,rsa3072_encrypt,120.6139
cold,c#,x86,rsa3072_encrypt,101.8821
cold,c#,x86,rsa3072_encrypt,82.0053
cold,c#,x86,rsa3072_encrypt,83.4299
cold,c#,x86,rsa3072_encrypt,137.1105
cold,c#,x86,rsa3072_encrypt,86.5188
cold,c#,x86,rsa3072_encrypt,92.455
cold,c#,x86,rsa3072_encrypt,101.61
cold,c#,x86,rsa3072_encrypt,84.8227
cold,c#,x86,rsa3072_encrypt,84.4149
cold,c#,x86,rsa3072_encrypt,78.9654
cold,c#,x86,rsa3072_encrypt,65.3363
cold,c#,x86,rsa3072_encrypt,83.3613
cold,c#,x86,rsa3072_encrypt,76.1465
cold,c#,x86,rsa3072_encrypt,74.2952
cold,c#,x86,rsa3072_encrypt,97.7714
cold,c#,x86,rsa3072_encrypt,64.8619
cold,c#,x86,rsa3072_encrypt,79.985
cold,c#,x86,rsa3072_encrypt,74.3464
cold,c#,x86,rsa3072_encrypt,82.7419
cold,c#,x86,rsa3072_encrypt,81.3152
cold,c#,x86,rsa3072_encrypt,77.551
cold,c#,x86,rsa3072_encrypt,75.1499
cold,c#,x86,rsa3072_encrypt,69.4723
cold,c#,x86,rsa3072_encrypt,77.093
cold,c#,x86,rsa3072_encrypt,73.0975
cold,c#,x86,rsa3072_encrypt,65.8052
cold,c#,x86,rsa3072_encrypt,99.3116
cold,c#,x86,rsa3072_encrypt,97.2605
cold,c#,x86,rsa4096_decrypt,12765.7895
cold,c#,x86,rsa4096_decrypt,188.6728
cold,c#,x86,rsa4096_decrypt,198.7494
cold,c#,x86,rsa4096_decrypt,198.4409
cold,c#,x86,rsa4096_decrypt,178.3416
cold,c#,x86,rsa4096_decrypt,163.2959
cold,c#,x86,rsa4096_decrypt,184.0613
cold,c#,x86,rsa4096_decrypt,162.563
cold,c#,x86,rsa4096_decrypt,249.67
cold,c#,x86,rsa4096_decrypt,156.7648
cold,c#,x86,rsa4096_decrypt,153.279
cold,c#,x86,rsa4096_decrypt,179.2265
cold,c#,x86,rsa4096_decrypt,179.6649
cold,c#,x86,rsa4096_decrypt,175.0425
cold,c#,x86,rsa4096_decrypt,151.5424
cold,c#,x86,rsa4096_decrypt,149.4976
cold,c#,x86,rsa4096_decrypt,157.2028
cold,c#,x86,rsa4096_decrypt,153.4836
cold,c#,x86,rsa4096_decrypt,164.6891
cold,c#,x86,rsa4096_decrypt,155.2248
cold,c#,x86,rsa4096_decrypt,139.7377
cold,c#,x86,rsa4096_decrypt,148.7202
cold,c#,x86,rsa4096_decrypt,182.0657
cold,c#,x86,rsa4096_decrypt,138.4118
cold,c#,x86,rsa4096_decrypt,133.9345
cold,c#,x86,rsa4096_decrypt,158.9244
cold,c#,x86,rsa4096_decrypt,142.0049
cold,c#,x86,rsa4096_decrypt,139.1824
cold,c#,x86,rsa4096_decrypt,146.2971
cold,c#,x86,rsa4096_decrypt,156.8998
cold,c#,x86,rsa4096_encrypt,7066.5353
cold,c#,x86,rsa4096_encrypt,92.3574
cold,c#,x86,rsa4096_encrypt,117.8621
cold,c#,x86,rsa4096_encrypt,74.2939
cold,c#,x86,rsa4096_encrypt,89.104
cold,c#,x86,rsa4096_encrypt,80.1616
cold,c#,x86,rsa4096_encrypt,73.1532
cold,c#,x86,rsa4096_encrypt,104.9275
cold,c#,x86,rsa4096_encrypt,117.6146
cold,c#,x86,rsa4096_encrypt,70.6626
cold,c#,x86,rsa4096_encrypt,107.76
cold,c#,x86,rsa4096_encrypt,82.4738
cold,c#,x86,rsa4096_encrypt,69.3512
cold,c#,x86,rsa4096_encrypt,79.3651
cold,c#,x86,rsa4096_encrypt,74.5265
cold,c#,x86,rsa4096_encrypt,68.6795
cold,c#,x86,rsa4096_encrypt,71.4395
cold,c#,x86,rsa4096_encrypt,84.2639
cold,c#,x86,rsa4096_encrypt,74.218
cold,c#,x86,rsa4096_encrypt,76.1915
cold,c#,x86,rsa4096_encrypt,68.1865
cold,c#,x86,rsa4096_encrypt,69.6495
cold,c#,x86,rsa4096_encrypt,85.3301
cold,c#,x86,rsa4096_encrypt,79.3467
cold,c#,x86,rsa4096_encrypt,73.2345
cold,c#,x86,rsa4096_encrypt,78.0233
cold,c#,x86,rsa4096_encrypt,259.5464
cold,c#,x86,rsa4096_encrypt,62.2139
cold,c#,x86,rsa4096_encrypt,102.1847
cold,c#,x86,rsa4096_encrypt,67.6948
cold,java,x86,ecc256_sign,8996.2106
cold,java,x86,ecc256_sign,213.9193
cold,java,x86,ecc256_sign,167.0326
cold,java,x86,ecc256_sign,161.8788
cold,java,x86,ecc256_sign,141.7275
cold,java,x86,ecc256_sign,154.5964
cold,java,x86,ecc256_sign,153.861
cold,java,x86,ecc256_sign,171.7711
cold,java,x86,ecc256_sign,158.0245
cold,java,x86,ecc256_sign,150.5658
cold,java,x86,ecc256_sign,121.1438
cold,java,x86,ecc256_sign,137.6854
cold,java,x86,ecc256_sign,169.2585
cold,java,x86,ecc256_sign,138.9433
cold,java,x86,ecc256_sign,141.5239
cold,java,x86,ecc256_sign,114.0222
cold,java,x86,ecc256_sign,137.3311
cold,java,x86,ecc256_sign,130.6406
cold,java,x86,ecc256_sign,132.0044
cold,java,x86,ecc256_sign,194.1232
cold,java,x86,ecc256_sign,127.0832
cold,java,x86,ecc256_sign,125.6711
cold,java,x86,ecc256_sign,114.812
cold,java,x86,ecc256_sign,157.7247
cold,java,x86,ecc256_sign,120.6052
cold,java,x86,ecc256_sign,103.5776
cold,java,x86,ecc256_sign,136.6509
cold,java,x86,ecc256_sign,146.6875
cold,java,x86,ecc256_sign,127.6504
cold,java,x86,ecc256_sign,124.5934
cold,java,x86,ecc256_verify,8500.6406
cold,java,x86,ecc256_verify,163.7324
cold,java,x86,ecc256_verify,133.7237
cold,java,x86,ecc256_verify,113.9311
cold,java,x86,ecc256_verify,103.7591
cold,java,x86,ecc256_verify,103.5715
cold,java,x86,ecc256_verify,148.9308
cold,java,x86,ecc256_verify,97.5379
cold,java,x86,ecc256_verify,131.2892
cold,java,x86,ecc256_verify,108.7006
cold,java,x86,ecc256_verify,107.2224
cold,java,x86,ecc256_verify,124.5006
cold,java,x86,ecc256_verify,123.6617
cold,java,x86,ecc256_verify,117.2479
cold,java,x86,ecc256_verify,101.9868
cold,java,x86,ecc256_verify,124.7556
cold,java,x86,ecc256_verify,142.6717
cold,java,x86,ecc256_verify,106.8255
cold,java,x86,ecc256_verify,87.9105
cold,java,x86,ecc256_verify,102.9648
cold,java,x86,ecc256_verify,128.4217
cold,java,x86,ecc256_verify,124.4623
cold,java,x86,ecc256_verify,102.5726
cold,java,x86,ecc256_verify,93.6466
cold,java,x86,ecc256_verify,107.4107
cold,java,x86,ecc256_verify,109.7411
cold,java,x86,ecc256_verify,98.2308
cold,java,x86,ecc256_verify,115.1891
cold,java,x86,ecc256_verify,97.2176
cold,java,x86,ecc256_verify,87.3839
cold,java,x86,ecc384_sign,8425.9249
cold,java,x86,ecc384_sign,219.5842
cold,java,x86,ecc384_sign,142.7745
cold,java,x86,ecc384_sign,163.4977
cold,java,x86,ecc384_sign,167.9456
cold,java,x86,ecc384_sign,179.6526
cold,java,x86,ecc384_sign,165.4893
cold,java,x86,ecc384_sign,134.5057
cold,java,x86,ecc384_sign,163.3088
cold,java,x86,ecc384_sign,141.2701
cold,java,x86,ecc384_sign,132.0548
cold,java,x86,ecc384_sign,132.4113
cold,java,x86,ecc384_sign,171.6514
cold,java,x86,ecc384_sign,131.3186
cold,java,x86,ecc384_sign,136.7947
cold,java,x86,ecc384_sign,141.0899
cold,java,x86,ecc384_sign,301.7574
cold,java,x86,ecc384_sign,154.7351
cold,java,x86,ecc384_sign,135.4668
cold,java,x86,ecc384_sign,144.1119
cold,java,x86,ecc384_sign,228.6894
cold,java,x86,ecc384_sign,165.6798
cold,java,x86,ecc384_sign,149.3164
cold,java,x86,ecc384_sign,137.2901
cold,java,x86,ecc384_sign,128.9604
cold,java,x86,ecc384_sign,122.8942
cold,java,x86,ecc384_sign,137.9099
cold,java,x86,ecc384_sign,163.3532
cold,java,x86,ecc384_sign,143.7726
cold,java,x86,ecc384_sign,120.0783
cold,java,x86,ecc384_verify,8174.8983
cold,java,x86,ecc384_verify,151.7227
cold,java,x86,ecc384_verify,110.019
cold,java,x86,ecc384_verify,112.0732
cold,java,x86,ecc384_verify,123.8485
cold,java,x86,ecc384_verify,135.649
cold,java,x86,ecc384_verify,98.9527
cold,java,x86,ecc384_verify,113.2626
cold,java,x86,ecc384_verify,104.6259
cold,java,x86,ecc384_verify,95.6127
cold,java,x86,ecc384_verify,127.663
cold,java,x86,ecc384_verify,104.8154
cold,java,x86,ecc384_verify,114.7901
cold,java,x86,ecc384_verify,91.8772
cold,java,x86,ecc384_verify,106.9363
cold,java,x86,ecc384_verify,87.8126
cold,java,x86,ecc384_verify,107.5171
cold,java,x86,ecc384_verify,114.4719
cold,java,x86,ecc384_verify,94.9477
cold,java,x86,ecc384_verify,116.8054
cold,java,x86,ecc384_verify,86.9086
cold,java,x86,ecc384_verify,92.6372
cold,java,x86,ecc384_verify,118.171
cold,java,x86,ecc384_verify,86.5343
cold,java,x86,ecc384_verify,99.6263
cold,java,x86,ecc384_verify,101.9159
cold,java,x86,ecc384_verify,75.0071
cold,java,x86,ecc384_verify,99.8791
cold,java,x86,ecc384_verify,96.44
cold,java,x86,ecc384_verify,98.0278
cold,java,x86,rsa2048_decrypt,8788.0073
cold,java,x86,rsa2048_decrypt,151.5433
cold,java,x86,rsa2048_decrypt,162.0195
cold,java,x86,rsa2048_decrypt,166.3444
cold,java,x86,rsa2048_decrypt,147.3269
cold,java,x86,rsa2048_decrypt,173.3324
cold,java,x86,rsa2048_decrypt,171.4204
cold,java,x86,rsa2048_decrypt,299.6088
cold,java,x86,rsa2048_decrypt,152.3834
cold,java,x86,rsa2048_decrypt,185.0143
cold,java,x86,rsa2048_decrypt,160.4981
cold,java,x86,rsa2048_decrypt,125.712
cold,java,x86,rsa2048_decrypt,189.9934
cold,java,x86,rsa2048_decrypt,141.4012
cold,java,x86,rsa2048_decrypt,161.9482
cold,java,x86,rsa2048_decrypt,156.5769
cold,java,x86,rsa2048_decrypt,156.1255
cold,java,x86,rsa2048_decrypt,124.314
cold,java,x86,rsa2048_decrypt,124.9756
cold,java,x86,rsa2048_decrypt,142.843
cold,java,x86,rsa2048_decrypt,137.5208
cold,java,x86,rsa2048_decrypt,395.3807
cold,java,x86,rsa2048_decrypt,130.768
cold,java,x86,rsa2048_decrypt,113.9378
cold,java,x86,rsa2048_decrypt,125.5633
cold,java,x86,rsa2048_decrypt,115.2639
cold,java,x86,rsa2048_decrypt,130.6101
cold,java,x86,rsa2048_decrypt,165.0847
cold,java,x86,rsa2048_decrypt,125.1605
cold,java,x86,rsa2048_decrypt,143.7281
cold,java,x86,rsa2048_encrypt,9084.3886
cold,java,x86,rsa2048_encrypt,176.2897
cold,java,x86,rsa2048_encrypt,155.9127
cold,java,x86,rsa2048_encrypt,173.554
cold,java,x86,rsa2048_encrypt,121.8278
cold,java,x86,rsa2048_encrypt,154.1176
cold,java,x86,rsa2048_encrypt,145.9709
cold,java,x86,rsa2048_encrypt,114.3139
cold,java,x86,rsa2048_encrypt,198.3099
cold,java,x86,rsa2048_encrypt,173.5299
cold,java,x86,rsa2048_encrypt,129.4919
cold,java,x86,rsa2048_encrypt,131.9118
cold,java,x86,rsa2048_encrypt,110.2937
cold,java,x86,rsa2048_encrypt,141.1432
cold,java,x86,rsa2048_encrypt,110.4648
cold,java,x86,rsa2048_encrypt,132.2996
cold,java,x86,rsa2048_encrypt,121.0684
cold,java,x86,rsa2048_encrypt,107.9163
cold,java,x86,rsa2048_encrypt,145.5747
cold,java,x86,rsa2048_encrypt,123.3407
cold,java,x86,rsa2048_encrypt,111.2673
cold,java,x86,rsa2048_encrypt,135.2354
cold,java,x86,rsa2048_encrypt,109.4136
cold,java,x86,rsa2048_encrypt,125.5682
cold,java,x86,rsa2048_encrypt,107.8987
cold,java,x86,rsa2048_encrypt,108.4775
cold,java,x86,rsa2048_encrypt,113.4248
cold,java,x86,rsa2048_encrypt,118.4848
cold,java,x86,rsa2048_encrypt,128.6696
cold,java,x86,rsa2048_encrypt,100.1194
cold,java,x86,rsa3072_decrypt,17769.5413
cold,java,x86,rsa3072_decrypt,270.1958
cold,java,x86,rsa3072_decrypt,249.2129
cold,java,x86,rsa3072_decrypt,175.11
cold,java,x86,rsa3072_decrypt,176.6268
cold,java,x86,rsa3072_decrypt,172.0125
cold,java,x86,rsa3072_decrypt,178.7207
cold,java,x86,rsa3072_decrypt,168.739
cold,java,x86,rsa3072_decrypt,200.7394
cold,java,x86,rsa3072_decrypt,194.0011
cold,java,x86,rsa3072_decrypt,176.2446
cold,java,x86,rsa3072_decrypt,201.2853
cold,java,x86,rsa3072_decrypt,182.1637
cold,java,x86,rsa3072_decrypt,165.9492
cold,java,x86,rsa3072_decrypt,162.4803
cold,java,x86,rsa3072_decrypt,197.2737
cold,java,x86,rsa3072_decrypt,194.3392
cold,java,x86,rsa3072_decrypt,162.6485
cold,java,x86,rsa3072_decrypt,184.7287
cold,java,x86,rsa3072_decrypt,145.9339
cold,java,x86,rsa3072_decrypt,234.6976
cold,java,x86,rsa3072_decrypt,150.7574
cold,java,x86,rsa3072_decrypt,164.3979
cold,java,x86,rsa3072_decrypt,163.8096
cold,java,x86,rsa3072_decrypt,154.91
cold,java,x86,rsa3072_decrypt,157.486
cold,java,x86,rsa3072_decrypt,230.5936
cold,java,x86,rsa3072_decrypt,235.7132
cold,java,x86,rsa3072_decrypt,146.4533
cold,java,x86,rsa3072_decrypt,173.0527
cold,java,x86,rsa3072_encrypt,8135.8459
cold,java,x86,rsa3072_encrypt,189.8267
cold,java,x86,rsa3072_encrypt,174.0583
cold,java,x86,rsa3072_encrypt,140.1444
cold,java,x86,rsa3072_encrypt,209.2884
cold,java,x86,rsa3072_encrypt,174.5499
cold,java,x86,rsa3072_encrypt,133.7621
cold,java,x86,rsa3072_encrypt,133.2209
cold,java,x86,rsa3072_encrypt,157.4064
cold,java,x86,rsa3072_encrypt,155.7506
cold,java,x86,rsa3072_encrypt,123.466
cold,java,x86,rsa3072_encrypt,155.5804
cold,java,x86,rsa3072_encrypt,108.9224
cold,java,x86,rsa3072_encrypt,126.2035
cold,java,x86,rsa3072_encrypt,140.142
cold,java,x86,rsa3072_encrypt,162.053
cold,java,x86,rsa3072_encrypt,152.8147
cold,java,x86,rsa3072_encrypt,124.7577
cold,java,x86,rsa3072_encrypt,113.9866
cold,java,x86,rsa3072_encrypt,127.1747
cold,java,x86,rsa3072_encrypt,286.2797
cold,java,x86,rsa3072_encrypt,141.9819
cold,java,x86,rsa3072_encrypt,170.9836
cold,java,x86,rsa3072_encrypt,127.9441
cold,java,x86,rsa3072_encrypt,135.9754
cold,java,x86,rsa3072_encrypt,109.437
cold,java,x86,rsa3072_encrypt,139.2658
cold,java,x86,rsa3072_encrypt,136.5064
cold,java,x86,rsa3072_encrypt,130.371
cold,java,x86,rsa3072_encrypt,141.9394
cold,java,x86,rsa4096_decrypt,7956.3189
cold,java,x86,rsa4096_decrypt,242.3721
cold,java,x86,rsa4096_decrypt,156.4365
cold,java,x86,rsa4096_decrypt,193.1282
cold,java,x86,rsa4096_decrypt,187.3659
cold,java,x86,rsa4096_decrypt,146.8718
cold,java,x86,rsa4096_decrypt,154.4177
cold,java,x86,rsa4096_decrypt,176.5082
cold,java,x86,rsa4096_decrypt,164.7587
cold,java,x86,rsa4096_decrypt,186.3889
cold,java,x86,rsa4096_decrypt,185.8823
cold,java,x86,rsa4096_decrypt,155.1961
cold,java,x86,rsa4096_decrypt,162.7323
cold,java,x86,rsa4096_decrypt,169.8572
cold,java,x86,rsa4096_decrypt,157.8387
cold,java,x86,rsa4096_decrypt,168.1799
cold,java,x86,rsa4096_decrypt,154.7574
cold,java,x86,rsa4096_decrypt,136.5181
cold,java,x86,rsa4096_decrypt,162.113
cold,java,x86,rsa4096_decrypt,159.0813
cold,java,x86,rsa4096_decrypt,145.3364
cold,java,x86,rsa4096_decrypt,165.621
cold,java,x86,rsa4096_decrypt,137.0371
cold,java,x86,rsa4096_decrypt,173.1646
cold,java,x86,rsa4096_decrypt,171.3944
cold,java,x86,rsa4096_decrypt,164.5064
cold,java,x86,rsa4096_decrypt,133.3737
cold,java,x86,rsa4096_decrypt,172.9463
cold,java,x86,rsa4096_decrypt,136.6784
cold,java,x86,rsa4096_decrypt,157.905
cold,java,x86,rsa4096_encrypt,8018.2697
cold,java,x86,rsa4096_encrypt,191.5068
cold,java,x86,rsa4096_encrypt,195.1696
cold,java,x86,rsa4096_encrypt,141.2608
cold,java,x86,rsa4096_encrypt,188.0105
cold,java,x86,rsa4096_encrypt,138.3859
cold,java,x86,rsa4096_encrypt,177.7599
cold,java,x86,rsa4096_encrypt,119.1644
cold,java,x86,rsa4096_encrypt,129.9941
cold,java,x86,rsa4096_encrypt,163.6049
cold,java,x86,rsa4096_encrypt,118.7276
cold,java,x86,rsa4096_encrypt,136.4669
cold,java,x86,rsa4096_encrypt,123.7162
cold,java,x86,rsa4096_encrypt,162.9399
cold,java,x86,rsa4096_encrypt,159.7045
cold,java,x86,rsa4096_encrypt,118.0021
cold,java,x86,rsa4096_encrypt,143.4434
cold,java,x86,rsa4096_encrypt,156.1044
cold,java,x86,rsa4096_encrypt,142.9221
cold,java,x86,rsa4096_encrypt,147.1528
cold,java,x86,rsa4096_encrypt,118.4075
cold,java,x86,rsa4096_encrypt,126.9431
cold,java,x86,rsa4096_encrypt,149.146
cold,java,x86,rsa4096_encrypt,132.1104
cold,java,x86,rsa4096_encrypt,139.2901
cold,java,x86,rsa4096_encrypt,137.1516
cold,java,x86,rsa4096_encrypt,121.5908
cold,java,x86,rsa4096_encrypt,134.7233
cold,java,x86,rsa4096_encrypt,238.2571
cold,java,x86,rsa4096_encrypt,130.1728
cold,python,x86,ecc256_sign,6654.573
cold,python,x86,ecc256_sign,259.9241
cold,python,x86,ecc256_sign,202.582
cold,python,x86,ecc256_sign,179.6967
cold,python,x86,ecc256_sign,180.8468
cold,python,x86,ecc256_sign,220.0866
cold,python,x86,ecc256_sign,187.2395
cold,python,x86,ecc256_sign,239.9552
cold,python,x86,ecc256_sign,171.3472
cold,python,x86,ecc256_sign,167.2484
cold,python,x86,ecc256_sign,149.928
cold,python,x86,ecc256_sign,137.4336
cold,python,x86,ecc256_sign,224.2208
cold,python,x86,ecc256_sign,155.4632
cold,python,x86,ecc256_sign,157.5268
cold,python,x86,ecc256_sign,149.823
cold,python,x86,ecc256_sign,159.1472
cold,python,x86,ecc256_sign,210.2857
cold,python,x86,ecc256_sign,137.8465
cold,python,x86,ecc256_sign,171.3927
cold,python,x86,ecc256_sign,176.8014
cold,python,x86,ecc256_sign,162.4058
cold,python,x86,ecc256_sign,153.5526
cold,python,x86,ecc256_sign,174.167
cold,python,x86,ecc256_sign,150.9644
cold,python,x86,ecc256_sign,155.9673
cold,python,x86,ecc256_sign,163.8106
cold,python,x86,ecc256_sign,160.6177
cold,python,x86,ecc256_sign,149.9467
cold,python,x86,ecc256_sign,170.8197
cold,python,x86,ecc256_verify,6467.102
cold,python,x86,ecc256_verify,83.8584
cold,python,x86,ecc256_verify,98.5502
cold,python,x86,ecc256_verify,84.0938
cold,python,x86,ecc256_verify,84.1564
cold,python,x86,ecc256_verify,94.1672
cold,python,x86,ecc256_verify,79.9237
cold,python,x86,ecc256_verify,129.4236
cold,python,x86,ecc256_verify,105.0543
cold,python,x86,ecc256_verify,86.3638
cold,python,x86,ecc256_verify,157.3493
cold,python,x86,ecc256_verify,84.22
cold,python,x86,ecc256_verify,87.948
cold,python,x86,ecc256_verify,74.3111
cold,python,x86,ecc256_verify,123.6076
cold,python,x86,ecc256_verify,92.265
cold,python,x86,ecc256_verify,161.6363
cold,python,x86,ecc256_verify,91.0238
cold,python,x86,ecc256_verify,94.2115
cold,python,x86,ecc256_verify,86.5858
cold,python,x86,ecc256_verify,92.0022
cold,python,x86,ecc256_verify,160.4067
cold,python,x86,ecc256_verify,78.2508
cold,python,x86,ecc256_verify,77.5993
cold,python,x86,ecc256_verify,97.9566
cold,python,x86,ecc256_verify,70.267
cold,python,x86,ecc256_verify,77.6293
cold,python,x86,ecc256_verify,88.2087
cold,python,x86,ecc256_verify,95.7687
cold,python,x86,ecc256_verify,73.2108
cold,python,x86,ecc384_sign,6808.7242
cold,python,x86,ecc384_sign,172.3021
cold,python,x86,ecc384_sign,158.9494
cold,python,x86,ecc384_sign,298.5322
cold,python,x86,ecc384_sign,204.0543
cold,python,x86,ecc384_sign,218.7391
cold,python,x86,ecc384_sign,169.0779
cold,python,x86,ecc384_sign,158.8546
cold,python,x86,ecc384_sign,164.2598
cold,python,x86,ecc384_sign,171.3652
cold,python,x86,ecc384_sign,233.1855
cold,python,x86,ecc384_sign,212.6996
cold,python,x86,ecc384_sign,167.5865
cold,python,x86,ecc384_sign,167.2651
cold,python,x86,ecc384_sign,163.3676
cold,python,x86,ecc384_sign,246.8003
cold,python,x86,ecc384_sign,144.8098
cold,python,x86,ecc384_sign,222.8369
cold,python,x86,ecc384_sign,163.6853
cold,python,x86,ecc384_sign,147.4758
cold,python,x86,ecc384_sign,341.6514
cold,python,x86,ecc384_sign,155.0412
cold,python,x86,ecc384_sign,142.5043
cold,python,x86,ecc384_sign,183.5017
cold,python,x86,ecc384_sign,199.9639
cold,python,x86,ecc384_sign,160.9692
cold,python,x86,ecc384_sign,157.0344
cold,python,x86,ecc384_sign,137.6371
cold,python,x86,ecc384_sign,152.4233
cold,python,x86,ecc384_sign,149.2275
cold,python,x86,ecc384_verify,6662.9807
cold,python,x86,ecc384_verify,101.0882
cold,python,x86,ecc384_verify,176.3098
cold,python,x86,ecc384_verify,194.8628
cold,python,x86,ecc384_verify,92.5152
cold,python,x86,ecc384_verify,106.8359
cold,python,x86,ecc384_verify,230.3045
cold,python,x86,ecc384_verify,141.311
cold,python,x86,ecc384_verify,157.7677
cold,python,x86,ecc384_verify,149.1481
cold,python,x86,ecc384_verify,91.1798
cold,python,x86,ecc384_verify,89.2743
cold,python,x86,ecc384_verify,85.3246
cold,python,x86,ecc384_verify,130.0993
cold,python,x86,ecc384_verify,86.1234
cold,python,x86,ecc384_verify,97.6875
cold,python,x86,ecc384_verify,94.3293
cold,python,x86,ecc384_verify,85.0877
cold,python,x86,ecc384_verify,87.1265
cold,python,x86,ecc384_verify,76.5768
cold,python,x86,ecc384_verify,104.2356
cold,python,x86,ecc384_verify,73.5902
cold,python,x86,ecc384_verify,86.1601
cold,python,x86,ecc384_verify,101.5569
cold,python,x86,ecc384_verify,87.0076
cold,python,x86,ecc384_verify,73.7235
cold,python,x86,ecc384_verify,88.3198
cold,python,x86,ecc384_verify,74.9309
cold,python,x86,ecc384_verify,89.1129
cold,python,x86,ecc384_verify,70.1195
cold,python,x86,rsa2048_decrypt,6851.4831
cold,python,x86,rsa2048_decrypt,190.1661
cold,python,x86,rsa2048_decrypt,179.109
cold,python,x86,rsa2048_decrypt,214.5311
cold,python,x86,rsa2048_decrypt,215.3741
cold,python,x86,rsa2048_decrypt,170.575
cold,python,x86,rsa2048_decrypt,175.1301
cold,python,x86,rsa2048_decrypt,232.6954
cold,python,x86,rsa2048_decrypt,348.1006
cold,python,x86,rsa2048_decrypt,159.1089
cold,python,x86,rsa2048_decrypt,147.4987
cold,python,x86,rsa2048_decrypt,215.1639
cold,python,x86,rsa2048_decrypt,225.9925
cold,python,x86,rsa2048_decrypt,217.7299
cold,python,x86,rsa2048_decrypt,187.4678
cold,python,x86,rsa2048_decrypt,144.4384
cold,python,x86,rsa2048_decrypt,143.1049
cold,python,x86,rsa2048_decrypt,166.0474
cold,python,x86,rsa2048_decrypt,191.4713
cold,python,x86,rsa2048_decrypt,270.549
cold,python,x86,rsa2048_decrypt,184.6289
cold,python,x86,rsa2048_decrypt,151.3054
cold,python,x86,rsa2048_decrypt,230.3644
cold,python,x86,rsa2048_decrypt,228.5839
cold,python,x86,rsa2048_decrypt,170.9398
cold,python,x86,rsa2048_decrypt,176.7539
cold,python,x86,rsa2048_decrypt,173.8013
cold,python,x86,rsa2048_decrypt,170.096
cold,python,x86,rsa2048_decrypt,150.5045
cold,python,x86,rsa2048_decrypt,159.2718
cold,python,x86,rsa2048_encrypt,7153.6751
cold,python,x86,rsa2048_encrypt,110.2145
cold,python,x86,rsa2048_encrypt,102.6641
cold,python,x86,rsa2048_encrypt,86.9972
cold,python,x86,rsa2048_encrypt,83.9716
cold,python,x86,rsa2048_encrypt,100.3997
cold,python,x86,rsa2048_encrypt,98.3594
cold,python,x86,rsa2048_encrypt,112.0556
cold,python,x86,rsa2048_encrypt,112.8956
cold,python,x86,rsa2048_encrypt,181.3912
cold,python,x86,rsa2048_encrypt,119.6348
cold,python,x86,rsa2048_encrypt,101.314
cold,python,x86,rsa2048_encrypt,122.2323
cold,python,x86,rsa2048_encrypt,98.5032
cold,python,x86,rsa2048_encrypt,149.2399
cold,python,x86,rsa2048_encrypt,90.1267
cold,python,x86,rsa2048_encrypt,121.5636
cold,python,x86,rsa2048_encrypt,127.4362
cold,python,x86,rsa2048_encrypt,95.0713
cold,python,x86,rsa2048_encrypt,70.6441
cold,python,x86,rsa2048_encrypt,93.9741
cold,python,x86,rsa2048_encrypt,96.2197
cold,python,x86,rsa2048_encrypt,92.1299
cold,python,x86,rsa2048_encrypt,99.2645
cold,python,x86,rsa2048_encrypt,81.1478
cold,python,x86,rsa2048_encrypt,81.5845
cold,python,x86,rsa2048_encrypt,84.9918
cold,python,x86,rsa2048_encrypt,82.2284
cold,python,x86,rsa2048_encrypt,74.1898
cold,python,x86,rsa2048_encrypt,82.9481
cold,python,x86,rsa3072_decrypt,6810.5324
cold,python,x86,rsa3072_decrypt,186.6901
cold,python,x86,rsa3072_decrypt,207.2649
cold,python,x86,rsa3072_decrypt,167.6811
cold,python,x86,rsa3072_decrypt,194.5678
cold,python,x86,rsa3072_decrypt,166.9515
cold,python,x86,rsa3072_decrypt,259.5294
cold,python,x86,rsa3072_decrypt,162.8393
cold,python,x86,rsa3072_decrypt,204.0074
cold,python,x86,rsa3072_decrypt,170.4338
cold,python,x86,rsa3072_decrypt,172.5225
cold,python,x86,rsa3072_decrypt,228.8872
cold,python,x86,rsa3072_decrypt,167.5014
cold,python,x86,rsa3072_decrypt,192.8494
cold,python,x86,rsa3072_decrypt,188.3865
cold,python,x86,rsa3072_decrypt,148.7763
cold,python,x86,rsa3072_decrypt,163.1597
cold,python,x86,rsa3072_decrypt,177.0264
cold,python,x86,rsa3072_decrypt,170.9619
cold,python,x86,rsa3072_decrypt,173.3736
cold,python,x86,rsa3072_decrypt,174.0532
cold,python,x86,rsa3072_decrypt,159.2751
cold,python,x86,rsa3072_decrypt,146.6793
cold,python,x86,rsa3072_decrypt,183.0494
cold,python,x86,rsa3072_decrypt,154.3089
cold,python,x86,rsa3072_decrypt,170.3246
cold,python,x86,rsa3072_decrypt,165.814
cold,python,x86,rsa3072_decrypt,141.8341
cold,python,x86,rsa3072_decrypt,177.4283
cold,python,x86,rsa3072_decrypt,186.2919
cold,python,x86,rsa3072_encrypt,6613.7397
cold,python,x86,rsa3072_encrypt,115.6822
cold,python,x86,rsa3072_encrypt,101.9343
cold,python,x86,rsa3072_encrypt,84.6852
cold,python,x86,rsa3072_encrypt,153.3607
cold,python,x86,rsa3072_encrypt,81.6613
cold,python,x86,rsa3072_encrypt,87.6203
cold,python,x86,rsa3072_encrypt,145.9455
cold,python,x86,rsa3072_encrypt,77.6319
cold,python,x86,rsa3072_encrypt,90.8697
cold,python,x86,rsa3072_encrypt,84.5814
cold,python,x86,rsa3072_encrypt,89.5395
cold,python,x86,rsa3072_encrypt,320.4902
cold,python,x86,rsa3072_encrypt,107.3922
cold,python,x86,rsa3072_encrypt,83.4542
cold,python,x86,rsa3072_encrypt,103.3276
cold,python,x86,rsa3072_encrypt,102.2459
cold,python,x86,rsa3072_encrypt,81.3247
cold,python,x86,rsa3072_encrypt,146.4744
cold,python,x86,rsa3072_encrypt,103.228
cold,python,x86,rsa3072_encrypt,86.667
cold,python,x86,rsa3072_encrypt,84.3377
cold,python,x86,rsa3072_encrypt,177.6729
cold,python,x86,rsa3072_encrypt,95.3569
cold,python,x86,rsa3072_encrypt,75.1037
cold,python,x86,rsa3072_encrypt,132.9615
cold,python,x86,rsa3072_encrypt,77.4607
cold,python,x86,rsa3072_encrypt,321.8482
cold,python,x86,rsa3072_encrypt,67.6022
cold,python,x86,rsa3072_encrypt,79.3306
cold,python,x86,rsa4096_decrypt,7722.9117
cold,python,x86,rsa4096_decrypt,204.9093
cold,python,x86,rsa4096_decrypt,216.3955
cold,python,x86,rsa4096_decrypt,194.2152
cold,python,x86,rsa4096_decrypt,219.4792
cold,python,x86,rsa4096_decrypt,267.0251
cold,python,x86,rsa4096_decrypt,236.8866
cold,python,x86,rsa4096_decrypt,212.7141
cold,python,x86,rsa4096_decrypt,194.5722
cold,python,x86,rsa4096_decrypt,195.3096
cold,python,x86,rsa4096_decrypt,297.4764
cold,python,x86,rsa4096_decrypt,170.8322
cold,python,x86,rsa4096_decrypt,231.3753
cold,python,x86,rsa4096_decrypt,157.24
cold,python,x86,rsa4096_decrypt,164.7685
cold,python,x86,rsa4096_decrypt,186.4113
cold,python,x86,rsa4096_decrypt,217.0197
cold,python,x86,rsa4096_decrypt,191.8096
cold,python,x86,rsa4096_decrypt,192.4626
cold,python,x86,rsa4096_decrypt,174.1991
cold,python,x86,rsa4096_decrypt,166.7989
cold,python,x86,rsa4096_decrypt,177.2995
cold,python,x86,rsa4096_decrypt,178.375
cold,python,x86,rsa4096_decrypt,169.7128
cold,python,x86,rsa4096_decrypt,174.1738
cold,python,x86,rsa4096_decrypt,189.1496
cold,python,x86,rsa4096_decrypt,181.7072
cold,python,x86,rsa4096_decrypt,183.3288
cold,python,x86,rsa4096_decrypt,5195.5615
cold,python,x86,rsa4096_decrypt,161.0468
cold,python,x86,rsa4096_encrypt,6940.6237
cold,python,x86,rsa4096_encrypt,106.1038
cold,python,x86,rsa4096_encrypt,95.9316
cold,python,x86,rsa4096_encrypt,94.23
cold,python,x86,rsa4096_encrypt,133.2238
cold,python,x86,rsa4096_encrypt,94.3632
cold,python,x86,rsa4096_encrypt,95.4356
cold,python,x86,rsa4096_encrypt,87.2768
cold,python,x86,rsa4096_encrypt,89.7334
cold,python,x86,rsa4096_encrypt,89.0834
cold,python,x86,rsa4096_encrypt,114.774
cold,python,x86,rsa4096_encrypt,101.7665
cold,python,x86,rsa4096_encrypt,95.2469
cold,python,x86,rsa4096_encrypt,87.0094
cold,python,x86,rsa4096_encrypt,106.7893
cold,python,x86,rsa4096_encrypt,70.8773
cold,python,x86,rsa4096_encrypt,98.2168
cold,python,x86,rsa4096_encrypt,84.5583
cold,python,x86,rsa4096_encrypt,88.9894
cold,python,x86,rsa4096_encrypt,121.7111
cold,python,x86,rsa4096_encrypt,153.7381
cold,python,x86,rsa4096_encrypt,79.8847
cold,python,x86,rsa4096_encrypt,96.1672
cold,python,x86,rsa4096_encrypt,90.7533
cold,python,x86,rsa4096_encrypt,91.7237
cold,python,x86,rsa4096_encrypt,157.1686
cold,python,x86,rsa4096_encrypt,86.2206
cold,python,x86,rsa4096_encrypt,100.0934
cold,python,x86,rsa4096_encrypt,80.6145
cold,python,x86,rsa4096_encrypt,74.9318
cold,typescript,x86,ecc256_sign,6545.6927
cold,typescript,x86,ecc256_sign,174.4071
cold,typescript,x86,ecc256_sign,200.773
cold,typescript,x86,ecc256_sign,190.2706
cold,typescript,x86,ecc256_sign,184.1388
cold,typescript,x86,ecc256_sign,158.7535
cold,typescript,x86,ecc256_sign,133.8083
cold,typescript,x86,ecc256_sign,162.0755
cold,typescript,x86,ecc256_sign,172.5911
cold,typescript,x86,ecc256_sign,174.6755
cold,typescript,x86,ecc256_sign,285.438
cold,typescript,x86,ecc256_sign,159.4173
cold,typescript,x86,ecc256_sign,124.9736
cold,typescript,x86,ecc256_sign,157.8604
cold,typescript,x86,ecc256_sign,126.3393
cold,typescript,x86,ecc256_sign,116.942
cold,typescript,x86,ecc256_sign,143.4765
cold,typescript,x86,ecc256_sign,149.3456
cold,typescript,x86,ecc256_sign,129.0111
cold,typescript,x86,ecc256_sign,133.1024
cold,typescript,x86,ecc256_sign,133.4628
cold,typescript,x86,ecc256_sign,115.9704
cold,typescript,x86,ecc256_sign,117.4248
cold,typescript,x86,ecc256_sign,149.6953
cold,typescript,x86,ecc256_sign,123.6734
cold,typescript,x86,ecc256_sign,126.1148
cold,typescript,x86,ecc256_sign,128.3979
cold,typescript,x86,ecc256_sign,261.118
cold,typescript,x86,ecc256_sign,128.7573
cold,typescript,x86,ecc256_sign,119.7596
cold,typescript,x86,ecc256_verify,6496.705
cold,typescript,x86,ecc256_verify,186.8312
cold,typescript,x86,ecc256_verify,267.9818
cold,typescript,x86,ecc256_verify,217.4755
cold,typescript,x86,ecc256_verify,170.3712
cold,typescript,x86,ecc256_verify,157.2767
cold,typescript,x86,ecc256_verify,311.7315
cold,typescript,x86,ecc256_verify,161.7775
cold,typescript,x86,ecc256_verify,189.1271
cold,typescript,x86,ecc256_verify,162.339
cold,typescript,x86,ecc256_verify,180.7645
cold,typescript,x86,ecc256_verify,156.7748
cold,typescript,x86,ecc256_verify,138.8789
cold,typescript,x86,ecc256_verify,182.1657
cold,typescript,x86,ecc256_verify,147.0695
cold,typescript,x86,ecc256_verify,142.7249
cold,typescript,x86,ecc256_verify,125.7899
cold,typescript,x86,ecc256_verify,290.4114
cold,typescript,x86,ecc256_verify,169.1382
cold,typescript,x86,ecc256_verify,139.4485
cold,typescript,x86,ecc256_verify,119.5574
cold,typescript,x86,ecc256_verify,250.755
cold,typescript,x86,ecc256_verify,136.1082
cold,typescript,x86,ecc256_verify,131.9772
cold,typescript,x86,ecc256_verify,134.883
cold,typescript,x86,ecc256_verify,116.7217
cold,typescript,x86,ecc256_verify,146.1342
cold,typescript,x86,ecc256_verify,147.8551
cold,typescript,x86,ecc256_verify,122.0678
cold,typescript,x86,ecc256_verify,136.5536
cold,typescript,x86,ecc384_sign,6730.1861
cold,typescript,x86,ecc384_sign,163.4852
cold,typescript,x86,ecc384_sign,163.1968
cold,typescript,x86,ecc384_sign,133.2201
cold,typescript,x86,ecc384_sign,260.4399
cold,typescript,x86,ecc384_sign,173.5415
cold,typescript,x86,ecc384_sign,168.539
cold,typescript,x86,ecc384_sign,145.9006
cold,typescript,x86,ecc384_sign,383.3984
cold,typescript,x86,ecc384_sign,139.7248
cold,typescript,x86,ecc384_sign,116.3559
cold,typescript,x86,ecc384_sign,161.5625
cold,typescript,x86,ecc384_sign,176.8605
cold,typescript,x86,ecc384_sign,134.5496
cold,typescript,x86,ecc384_sign,174.5639
cold,typescript,x86,ecc384_sign,128.3946
cold,typescript,x86,ecc384_sign,136.8118
cold,typescript,x86,ecc384_sign,120.7294
cold,typescript,x86,ecc384_sign,131.9287
cold,typescript,x86,ecc384_sign,128.6281
cold,typescript,x86,ecc384_sign,157.0292
cold,typescript,x86,ecc384_sign,128.0134
cold,typescript,x86,ecc384_sign,143.7269
cold,typescript,x86,ecc384_sign,122.7292
cold,typescript,x86,ecc384_sign,133.9566
cold,typescript,x86,ecc384_sign,133.5855
cold,typescript,x86,ecc384_sign,163.094
cold,typescript,x86,ecc384_sign,197.488
cold,typescript,x86,ecc384_sign,180.5011
cold,typescript,x86,ecc384_sign,145.1558
cold,typescript,x86,ecc384_verify,6904.119
cold,typescript,x86,ecc384_verify,194.5443
cold,typescript,x86,ecc384_verify,173.0993
cold,typescript,x86,ecc384_verify,422.2493
cold,typescript,x86,ecc384_verify,188.5209
cold,typescript,x86,ecc384_verify,163.231
cold,typescript,x86,ecc384_verify,164.2013
cold,typescript,x86,ecc384_verify,142.2666
cold,typescript,x86,ecc384_verify,141.8326
cold,typescript,x86,ecc384_verify,172.6269
cold,typescript,x86,ecc384_verify,142.798
cold,typescript,x86,ecc384_verify,174.071
cold,typescript,x86,ecc384_verify,181.8329
cold,typescript,x86,ecc384_verify,144.8483
cold,typescript,x86,ecc384_verify,174.3341
cold,typescript,x86,ecc384_verify,142.1217
cold,typescript,x86,ecc384_verify,141.3314
cold,typescript,x86,ecc384_verify,117.469
cold,typescript,x86,ecc384_verify,131.1668
cold,typescript,x86,ecc384_verify,155.3684
cold,typescript,x86,ecc384_verify,144.9915
cold,typescript,x86,ecc384_verify,185.1583
cold,typescript,x86,ecc384_verify,137.6237
cold,typescript,x86,ecc384_verify,117.1576
cold,typescript,x86,ecc384_verify,145.9727
cold,typescript,x86,ecc384_verify,118.6518
cold,typescript,x86,ecc384_verify,136.107
cold,typescript,x86,ecc384_verify,145.035
cold,typescript,x86,ecc384_verify,134.7041
cold,typescript,x86,ecc384_verify,142.1908
cold,typescript,x86,rsa2048_decrypt,6939.5105
cold,typescript,x86,rsa2048_decrypt,227.5297
cold,typescript,x86,rsa2048_decrypt,280.493
cold,typescript,x86,rsa2048_decrypt,184.9893
cold,typescript,x86,rsa2048_decrypt,154.2133
cold,typescript,x86,rsa2048_decrypt,152.0341
cold,typescript,x86,rsa2048_decrypt,129.4916
cold,typescript,x86,rsa2048_decrypt,151.7707
cold,typescript,x86,rsa2048_decrypt,157.2762
cold,typescript,x86,rsa2048_decrypt,117.9844
cold,typescript,x86,rsa2048_decrypt,150.4551
cold,typescript,x86,rsa2048_decrypt,164.6144
cold,typescript,x86,rsa2048_decrypt,137.9132
cold,typescript,x86,rsa2048_decrypt,138.8391
cold,typescript,x86,rsa2048_decrypt,177.4159
cold,typescript,x86,rsa2048_decrypt,142.7785
cold,typescript,x86,rsa2048_decrypt,135.2449
cold,typescript,x86,rsa2048_decrypt,150.0589
cold,typescript,x86,rsa2048_decrypt,144.2936
cold,typescript,x86,rsa2048_decrypt,195.1071
cold,typescript,x86,rsa2048_decrypt,155.6887
cold,typescript,x86,rsa2048_decrypt,127.1513
cold,typescript,x86,rsa2048_decrypt,178.979
cold,typescript,x86,rsa2048_decrypt,154.8289
cold,typescript,x86,rsa2048_decrypt,114.6711
cold,typescript,x86,rsa2048_decrypt,141.1283
cold,typescript,x86,rsa2048_decrypt,152.8352
cold,typescript,x86,rsa2048_decrypt,143.3561
cold,typescript,x86,rsa2048_decrypt,203.5374
cold,typescript,x86,rsa2048_decrypt,167.4479
cold,typescript,x86,rsa2048_encrypt,6726.2037
cold,typescript,x86,rsa2048_encrypt,192.776
cold,typescript,x86,rsa2048_encrypt,149.8365
cold,typescript,x86,rsa2048_encrypt,169.4072
cold,typescript,x86,rsa2048_encrypt,163.9951
cold,typescript,x86,rsa2048_encrypt,137.45
cold,typescript,x86,rsa2048_encrypt,176.5933
cold,typescript,x86,rsa2048_encrypt,190.0367
cold,typescript,x86,rsa2048_encrypt,127.129
cold,typescript,x86,rsa2048_encrypt,145.5222
cold,typescript,x86,rsa2048_encrypt,176.6424
cold,typescript,x86,rsa2048_encrypt,297.3601
cold,typescript,x86,rsa2048_encrypt,161.2401
cold,typescript,x86,rsa2048_encrypt,145.3499
cold,typescript,x86,rsa2048_encrypt,133.8603
cold,typescript,x86,rsa2048_encrypt,179.0513
cold,typescript,x86,rsa2048_encrypt,112.1638
cold,typescript,x86,rsa2048_encrypt,107.7026
cold,typescript,x86,rsa2048_encrypt,144.6021
cold,typescript,x86,rsa2048_encrypt,147.3552
cold,typescript,x86,rsa2048_encrypt,118.3927
cold,typescript,x86,rsa2048_encrypt,109.9987
cold,typescript,x86,rsa2048_encrypt,145.6324
cold,typescript,x86,rsa2048_encrypt,128.8511
cold,typescript,x86,rsa2048_encrypt,120.4569
cold,typescript,x86,rsa2048_encrypt,237.6477
cold,typescript,x86,rsa2048_encrypt,118.4969
cold,typescript,x86,rsa2048_encrypt,105.4143
cold,typescript,x86,rsa2048_encrypt,129.1381
cold,typescript,x86,rsa2048_encrypt,118.2899
cold,typescript,x86,rsa3072_decrypt,6372.5355
cold,typescript,x86,rsa3072_decrypt,176.624
cold,typescript,x86,rsa3072_decrypt,162.5023
cold,typescript,x86,rsa3072_decrypt,164.8694
cold,typescript,x86,rsa3072_decrypt,147.0247
cold,typescript,x86,rsa3072_decrypt,146.8654
cold,typescript,x86,rsa3072_decrypt,168.53
cold,typescript,x86,rsa3072_decrypt,158.338
cold,typescript,x86,rsa3072_decrypt,162.0754
cold,typescript,x86,rsa3072_decrypt,129.6546
cold,typescript,x86,rsa3072_decrypt,137.7748
cold,typescript,x86,rsa3072_decrypt,134.8995
cold,typescript,x86,rsa3072_decrypt,128.6211
cold,typescript,x86,rsa3072_decrypt,160.8094
cold,typescript,x86,rsa3072_decrypt,133.9978
cold,typescript,x86,rsa3072_decrypt,264.2397
cold,typescript,x86,rsa3072_decrypt,400.5291
cold,typescript,x86,rsa3072_decrypt,358.9989
cold,typescript,x86,rsa3072_decrypt,136.6798
cold,typescript,x86,rsa3072_decrypt,129.4946
cold,typescript,x86,rsa3072_decrypt,149.1719
cold,typescript,x86,rsa3072_decrypt,144.8578
cold,typescript,x86,rsa3072_decrypt,125.9286
cold,typescript,x86,rsa3072_decrypt,131.2639
cold,typescript,x86,rsa3072_decrypt,143.5805
cold,typescript,x86,rsa3072_decrypt,144.1496
cold,typescript,x86,rsa3072_decrypt,138.2063
cold,typescript,x86,rsa3072_decrypt,130.8608
cold,typescript,x86,rsa3072_decrypt,158.3885
cold,typescript,x86,rsa3072_decrypt,135.3503
cold,typescript,x86,rsa3072_encrypt,6699.1216
cold,typescript,x86,rsa3072_encrypt,192.1146
cold,typescript,x86,rsa3072_encrypt,170.7319
cold,typescript,x86,rsa3072_encrypt,171.274
cold,typescript,x86,rsa3072_encrypt,170.2793
cold,typescript,x86,rsa3072_encrypt,138.1706
cold,typescript,x86,rsa3072_encrypt,144.6189
cold,typescript,x86,rsa3072_encrypt,127.1211
cold,typescript,x86,rsa3072_encrypt,158.061
cold,typescript,x86,rsa3072_encrypt,125.699
cold,typescript,x86,rsa3072_encrypt,144.1272
cold,typescript,x86,rsa3072_encrypt,166.9512
cold,typescript,x86,rsa3072_encrypt,146.2733
cold,typescript,x86,rsa3072_encrypt,138.8564
cold,typescript,x86,rsa3072_encrypt,167.6606
cold,typescript,x86,rsa3072_encrypt,309.3148
cold,typescript,x86,rsa3072_encrypt,179.7671
cold,typescript,x86,rsa3072_encrypt,228.9974
cold,typescript,x86,rsa3072_encrypt,155.7006
cold,typescript,x86,rsa3072_encrypt,143.0914
cold,typescript,x86,rsa3072_encrypt,142.6679
cold,typescript,x86,rsa3072_encrypt,135.4958
cold,typescript,x86,rsa3072_encrypt,128.9348
cold,typescript,x86,rsa3072_encrypt,129.0349
cold,typescript,x86,rsa3072_encrypt,152.9236
cold,typescript,x86,rsa3072_encrypt,142.3709
cold,typescript,x86,rsa3072_encrypt,133.1287
cold,typescript,x86,rsa3072_encrypt,131.5088
cold,typescript,x86,rsa3072_encrypt,141.9407
cold,typescript,x86,rsa3072_encrypt,133.9438
cold,typescript,x86,rsa4096_decrypt,6524.1162
cold,typescript,x86,rsa4096_decrypt,184.7758
cold,typescript,x86,rsa4096_decrypt,202.0552
cold,typescript,x86,rsa4096_decrypt,186.0894
cold,typescript,x86,rsa4096_decrypt,153.034
cold,typescript,x86,rsa4096_decrypt,195.1721
cold,typescript,x86,rsa4096_decrypt,195.4166
cold,typescript,x86,rsa4096_decrypt,279.6761
cold,typescript,x86,rsa4096_decrypt,184.2791
cold,typescript,x86,rsa4096_decrypt,190.0428
cold,typescript,x86,rsa4096_decrypt,133.5781
cold,typescript,x86,rsa4096_decrypt,142.7763
cold,typescript,x86,rsa4096_decrypt,141.8601
cold,typescript,x86,rsa4096_decrypt,139.2166
cold,typescript,x86,rsa4096_decrypt,157.9079
cold,typescript,x86,rsa4096_decrypt,214.8161
cold,typescript,x86,rsa4096_decrypt,185.0525
cold,typescript,x86,rsa4096_decrypt,156.0301
cold,typescript,x86,rsa4096_decrypt,155.9077
cold,typescript,x86,rsa4096_decrypt,148.0153
cold,typescript,x86,rsa4096_decrypt,161.2928
cold,typescript,x86,rsa4096_decrypt,161.2385
cold,typescript,x86,rsa4096_decrypt,153.4641
cold,typescript,x86,rsa4096_decrypt,143.7997
cold,typescript,x86,rsa4096_decrypt,150.709
cold,typescript,x86,rsa4096_decrypt,178.6597
cold,typescript,x86,rsa4096_decrypt,156.3576
cold,typescript,x86,rsa4096_decrypt,236.7306
cold,typescript,x86,rsa4096_decrypt,145.7904
cold,typescript,x86,rsa4096_decrypt,177.5027
cold,typescript,x86,rsa4096_encrypt,6804.4176
cold,typescript,x86,rsa4096_encrypt,186.5938
cold,typescript,x86,rsa4096_encrypt,197.1933
cold,typescript,x86,rsa4096_encrypt,135.6141
cold,typescript,x86,rsa4096_encrypt,167.2789
cold,typescript,x86,rsa4096_encrypt,165.2078
cold,typescript,x86,rsa4096_encrypt,132.5507
cold,typescript,x86,rsa4096_encrypt,122.9761
cold,typescript,x86,rsa4096_encrypt,211.3116
cold,typescript,x86,rsa4096_encrypt,140.1721
cold,typescript,x86,rsa4096_encrypt,131.3905
cold,typescript,x86,rsa4096_encrypt,150.752
cold,typescript,x86,rsa4096_encrypt,142.8826
cold,typescript,x86,rsa4096_encrypt,131.4754
cold,typescript,x86,rsa4096_encrypt,137.6374
cold,typescript,x86,rsa4096_encrypt,147.1397
cold,typescript,x86,rsa4096_encrypt,136.9881
cold,typescript,x86,rsa4096_encrypt,127.4152
cold,typescript,x86,rsa4096_encrypt,121.7303
cold,typescript,x86,rsa4096_encrypt,136.6131
cold,typescript,x86,rsa4096_encrypt,121.6186
cold,typescript,x86,rsa4096_encrypt,125.4222
cold,typescript,x86,rsa4096_encrypt,140.6926
cold,typescript,x86,rsa4096_encrypt,137.2307
cold,typescript,x86,rsa4096_encrypt,159.339
cold,typescript,x86,rsa4096_encrypt,141.3953
cold,typescript,x86,rsa4096_encrypt,155.8731
cold,typescript,x86,rsa4096_encrypt,134.0443
cold,typescript,x86,rsa4096_encrypt,423.1634
cold,typescript,x86,rsa4096_encrypt,133.5866
warm,c#,x86,ecc256_sign,162.1057
warm,c#,x86,ecc256_sign,152.7815
warm,c#,x86,ecc256_sign,165.3589
warm,c#,x86,ecc256_sign,128.4128
warm,c#,x86,ecc256_sign,118.1329
warm,c#,x86,ecc256_sign,110.9868
warm,c#,x86,ecc256_sign,111.4389
warm,c#,x86,ecc256_sign,105.9865
warm,c#,x86,ecc256_sign,142.365
warm,c#,x86,ecc256_sign,107.7992
warm,c#,x86,ecc256_sign,135.4348
warm,c#,x86,ecc256_sign,139.0226
warm,c#,x86,ecc256_sign,128.1328
warm,c#,x86,ecc256_sign,137.3139
warm,c#,x86,ecc256_sign,111.4946
warm,c#,x86,ecc256_sign,126.3413
warm,c#,x86,ecc256_sign,99.4809
warm,c#,x86,ecc256_sign,130.9146
warm,c#,x86,ecc256_sign,104.0453
warm,c#,x86,ecc256_sign,114.8517
warm,c#,x86,ecc256_sign,113.4059
warm,c#,x86,ecc256_sign,115.0517
warm,c#,x86,ecc256_sign,115.308
warm,c#,x86,ecc256_sign,100.7792
warm,c#,x86,ecc256_sign,128.4897
warm,c#,x86,ecc256_sign,96.8073
warm,c#,x86,ecc256_sign,111.9993
warm,c#,x86,ecc256_sign,111.3101
warm,c#,x86,ecc256_sign,139.8129
warm,c#,x86,ecc256_sign,117.5173
warm,c#,x86,ecc256_verify,97.8425
warm,c#,x86,ecc256_verify,79.4671
warm,c#,x86,ecc256_verify,95.4826
warm,c#,x86,ecc256_verify,87.757
warm,c#,x86,ecc256_verify,108.3385
warm,c#,x86,ecc256_verify,114.2763
warm,c#,x86,ecc256_verify,145.928
warm,c#,x86,ecc256_verify,75.2027
warm,c#,x86,ecc256_verify,97.3364
warm,c#,x86,ecc256_verify,117.5345
warm,c#,x86,ecc256_verify,71.3978
warm,c#,x86,ecc256_verify,94.3241
warm,c#,x86,ecc256_verify,75.9513
warm,c#,x86,ecc256_verify,96.0202
warm,c#,x86,ecc256_verify,77.6504
warm,c#,x86,ecc256_verify,87.873
warm,c#,x86,ecc256_verify,92.1014
warm,c#,x86,ecc256_verify,76.156
warm,c#,x86,ecc256_verify,74.35
warm,c#,x86,ecc256_verify,84.6063
warm,c#,x86,ecc256_verify,75.5968
warm,c#,x86,ecc256_verify,83.6056
warm,c#,x86,ecc256_verify,74.7523
warm,c#,x86,ecc256_verify,80.9751
warm,c#,x86,ecc256_verify,81.0496
warm,c#,x86,ecc256_verify,101.2099
warm,c#,x86,ecc256_verify,81.0997
warm,c#,x86,ecc256_verify,78.865
warm,c#,x86,ecc256_verify,79.3517
warm,c#,x86,ecc256_verify,79.4602
warm,c#,x86,ecc384_sign,129.3347
warm,c#,x86,ecc384_sign,127.5998
warm,c#,x86,ecc384_sign,155.1777
warm,c#,x86,ecc384_sign,139.2976
warm,c#,x86,ecc384_sign,115.5508
warm,c#,x86,ecc384_sign,140.2577
warm,c#,x86,ecc384_sign,109.6709
warm,c#,x86,ecc384_sign,91.8106
warm,c#,x86,ecc384_sign,112.2068
warm,c#,x86,ecc384_sign,114.0353
warm,c#,x86,ecc384_sign,157.7649
warm,c#,x86,ecc384_sign,105.0888
warm,c#,x86,ecc384_sign,119.7273
warm,c#,x86,ecc384_sign,114.9613
warm,c#,x86,ecc384_sign,119.9826
warm,c#,x86,ecc384_sign,83.7537
warm,c#,x86,ecc384_sign,110.8182
warm,c#,x86,ecc384_sign,106.8924
warm,c#,x86,ecc384_sign,111.0397
warm,c#,x86,ecc384_sign,115.6223
warm,c#,x86,ecc384_sign,115.0057
warm,c#,x86,ecc384_sign,114.5085
warm,c#,x86,ecc384_sign,126.4117
warm,c#,x86,ecc384_sign,121.1167
warm,c#,x86,ecc384_sign,109.0447
warm,c#,x86,ecc384_sign,114.4321
warm,c#,x86,ecc384_sign,103.8653
warm,c#,x86,ecc384_sign,126.4541
warm,c#,x86,ecc384_sign,117.9547
warm,c#,x86,ecc384_sign,103.8254
warm,c#,x86,ecc384_verify,86.6449
warm,c#,x86,ecc384_verify,78.5194
warm,c#,x86,ecc384_verify,112.3724
warm,c#,x86,ecc384_verify,85.1232
warm,c#,x86,ecc384_verify,79.3513
warm,c#,x86,ecc384_verify,89.9925
warm,c#,x86,ecc384_verify,97.7941
warm,c#,x86,ecc384_verify,78.7695
warm,c#,x86,ecc384_verify,89.882
warm,c#,x86,ecc384_verify,70.21
warm,c#,x86,ecc384_verify,100.3244
warm,c#,x86,ecc384_verify,79.6791
warm,c#,x86,ecc384_verify,71.6886
warm,c#,x86,ecc384_verify,75.4777
warm,c#,x86,ecc384_verify,76.3311
warm,c#,x86,ecc384_verify,81.826
warm,c#,x86,ecc384_verify,82.0214
warm,c#,x86,ecc384_verify,72.7889
warm,c#,x86,ecc384_verify,76.5903
warm,c#,x86,ecc384_verify,80.6815
warm,c#,x86,ecc384_verify,81.4316
warm,c#,x86,ecc384_verify,87.7362
warm,c#,x86,ecc384_verify,76.9358
warm,c#,x86,ecc384_verify,78.8621
warm,c#,x86,ecc384_verify,56.9413
warm,c#,x86,ecc384_verify,84.2681
warm,c#,x86,ecc384_verify,77.3892
warm,c#,x86,ecc384_verify,65.4842
warm,c#,x86,ecc384_verify,64.8222
warm,c#,x86,ecc384_verify,90.6738
warm,c#,x86,rsa2048_decrypt,121.1358
warm,c#,x86,rsa2048_decrypt,122.5404
warm,c#,x86,rsa2048_decrypt,115.9468
warm,c#,x86,rsa2048_decrypt,134.1249
warm,c#,x86,rsa2048_decrypt,121.2665
warm,c#,x86,rsa2048_decrypt,126.0664
warm,c#,x86,rsa2048_decrypt,149.9791
warm,c#,x86,rsa2048_decrypt,108.058
warm,c#,x86,rsa2048_decrypt,102.1383
warm,c#,x86,rsa2048_decrypt,146.1692
warm,c#,x86,rsa2048_decrypt,110.8896
warm,c#,x86,rsa2048_decrypt,123.0336
warm,c#,x86,rsa2048_decrypt,134.7765
warm,c#,x86,rsa2048_decrypt,130.0168
warm,c#,x86,rsa2048_decrypt,143.1992
warm,c#,x86,rsa2048_decrypt,106.1947
warm,c#,x86,rsa2048_decrypt,99.159
warm,c#,x86,rsa2048_decrypt,113.3292
warm,c#,x86,rsa2048_decrypt,108.1489
warm,c#,x86,rsa2048_decrypt,141.5358
warm,c#,x86,rsa2048_decrypt,113.424
warm,c#,x86,rsa2048_decrypt,113.0098
warm,c#,x86,rsa2048_decrypt,124.2663
warm,c#,x86,rsa2048_decrypt,91.8188
warm,c#,x86,rsa2048_decrypt,101.0077
warm,c#,x86,rsa2048_decrypt,98.0045
warm,c#,x86,rsa2048_decrypt,136.5453
warm,c#,x86,rsa2048_decrypt,99.6338
warm,c#,x86,rsa2048_decrypt,97.5949
warm,c#,x86,rsa2048_decrypt,121.3609
warm,c#,x86,rsa2048_encrypt,77.9707
warm,c#,x86,rsa2048_encrypt,100.3956
warm,c#,x86,rsa2048_encrypt,85.9714
warm,c#,x86,rsa2048_encrypt,70.3001
warm,c#,x86,rsa2048_encrypt,88.332
warm,c#,x86,rsa2048_encrypt,70.9331
warm,c#,x86,rsa2048_encrypt,83.6378
warm,c#,x86,rsa2048_encrypt,111.106
warm,c#,x86,rsa2048_encrypt,86.7999
warm,c#,x86,rsa2048_encrypt,101.9264
warm,c#,x86,rsa2048_encrypt,89.2881
warm,c#,x86,rsa2048_encrypt,78.3915
warm,c#,x86,rsa2048_encrypt,70.3207
warm,c#,x86,rsa2048_encrypt,75.0105
warm,c#,x86,rsa2048_encrypt,76.5889
warm,c#,x86,rsa2048_encrypt,88.5827
warm,c#,x86,rsa2048_encrypt,69.8244
warm,c#,x86,rsa2048_encrypt,93.4723
warm,c#,x86,rsa2048_encrypt,73.3523
warm,c#,x86,rsa2048_encrypt,82.656
warm,c#,x86,rsa2048_encrypt,77.6965
warm,c#,x86,rsa2048_encrypt,73.0892
warm,c#,x86,rsa2048_encrypt,98.1406
warm,c#,x86,rsa2048_encrypt,73.3396
warm,c#,x86,rsa2048_encrypt,74.4136
warm,c#,x86,rsa2048_encrypt,74.0452
warm,c#,x86,rsa2048_encrypt,85.3621
warm,c#,x86,rsa2048_encrypt,85.1275
warm,c#,x86,rsa2048_encrypt,75.0686
warm,c#,x86,rsa2048_encrypt,86.5723
warm,c#,x86,rsa3072_decrypt,142.0442
warm,c#,x86,rsa3072_decrypt,124.793
warm,c#,x86,rsa3072_decrypt,140.4775
warm,c#,x86,rsa3072_decrypt,122.3292
warm,c#,x86,rsa3072_decrypt,165.7574
warm,c#,x86,rsa3072_decrypt,119.2129
warm,c#,x86,rsa3072_decrypt,144.9317
warm,c#,x86,rsa3072_decrypt,127.9238
warm,c#,x86,rsa3072_decrypt,125.7953
warm,c#,x86,rsa3072_decrypt,128.2807
warm,c#,x86,rsa3072_decrypt,125.5859
warm,c#,x86,rsa3072_decrypt,121.6453
warm,c#,x86,rsa3072_decrypt,110.9634
warm,c#,x86,rsa3072_decrypt,125.5579
warm,c#,x86,rsa3072_decrypt,175.134
warm,c#,x86,rsa3072_decrypt,283.9858
warm,c#,x86,rsa3072_decrypt,131.5695
warm,c#,x86,rsa3072_decrypt,137.9154
warm,c#,x86,rsa3072_decrypt,123.9055
warm,c#,x86,rsa3072_decrypt,115.9807
warm,c#,x86,rsa3072_decrypt,110.8455
warm,c#,x86,rsa3072_decrypt,125.7269
warm,c#,x86,rsa3072_decrypt,117.1938
warm,c#,x86,rsa3072_decrypt,97.9052
warm,c#,x86,rsa3072_decrypt,133.3139
warm,c#,x86,rsa3072_decrypt,117.4815
warm,c#,x86,rsa3072_decrypt,107.1521
warm,c#,x86,rsa3072_decrypt,113.5775
warm,c#,x86,rsa3072_decrypt,128.0637
warm,c#,x86,rsa3072_decrypt,110.0744
warm,c#,x86,rsa3072_encrypt,89.0434
warm,c#,x86,rsa3072_encrypt,91.1192
warm,c#,x86,rsa3072_encrypt,88.8378
warm,c#,x86,rsa3072_encrypt,80.0954
warm,c#,x86,rsa3072_encrypt,89.6872
warm,c#,x86,rsa3072_encrypt,104.8829
warm,c#,x86,rsa3072_encrypt,80.3939
warm,c#,x86,rsa3072_encrypt,59.5494
warm,c#,x86,rsa3072_encrypt,82.998
warm,c#,x86,rsa3072_encrypt,74.3873
warm,c#,x86,rsa3072_encrypt,101.364
warm,c#,x86,rsa3072_encrypt,82.4094
warm,c#,x86,rsa3072_encrypt,87.525
warm,c#,x86,rsa3072_encrypt,68.2034
warm,c#,x86,rsa3072_encrypt,91.0055
warm,c#,x86,rsa3072_encrypt,86.7325
warm,c#,x86,rsa3072_encrypt,83.3717
warm,c#,x86,rsa3072_encrypt,81.419
warm,c#,x86,rsa3072_encrypt,81.1238
warm,c#,x86,rsa3072_encrypt,92.8692
warm,c#,x86,rsa3072_encrypt,82.8775
warm,c#,x86,rsa3072_encrypt,98.6625
warm,c#,x86,rsa3072_encrypt,82.319
warm,c#,x86,rsa3072_encrypt,145.1524
warm,c#,x86,rsa3072_encrypt,68.1253
warm,c#,x86,rsa3072_encrypt,77.5391
warm,c#,x86,rsa3072_encrypt,70.4159
warm,c#,x86,rsa3072_encrypt,70.7425
warm,c#,x86,rsa3072_encrypt,63.3064
warm,c#,x86,rsa3072_encrypt,74.7613
warm,c#,x86,rsa4096_decrypt,125.1681
warm,c#,x86,rsa4096_decrypt,129.6895
warm,c#,x86,rsa4096_decrypt,302.0137
warm,c#,x86,rsa4096_decrypt,147.9796
warm,c#,x86,rsa4096_decrypt,195.9596
warm,c#,x86,rsa4096_decrypt,140.9871
warm,c#,x86,rsa4096_decrypt,154.0778
warm,c#,x86,rsa4096_decrypt,122.741
warm,c#,x86,rsa4096_decrypt,108.4109
warm,c#,x86,rsa4096_decrypt,140.6125
warm,c#,x86,rsa4096_decrypt,137.5136
warm,c#,x86,rsa4096_decrypt,112.4425
warm,c#,x86,rsa4096_decrypt,135.7966
warm,c#,x86,rsa4096_decrypt,132.9097
warm,c#,x86,rsa4096_decrypt,115.7473
warm,c#,x86,rsa4096_decrypt,132.8701
warm,c#,x86,rsa4096_decrypt,127.3922
warm,c#,x86,rsa4096_decrypt,114.8901
warm,c#,x86,rsa4096_decrypt,171.7745
warm,c#,x86,rsa4096_decrypt,127.1686
warm,c#,x86,rsa4096_decrypt,154.4072
warm,c#,x86,rsa4096_decrypt,104.4834
warm,c#,x86,rsa4096_decrypt,114.0602
warm,c#,x86,rsa4096_decrypt,147.3802
warm,c#,x86,rsa4096_decrypt,139.7968
warm,c#,x86,rsa4096_decrypt,114.9597
warm,c#,x86,rsa4096_decrypt,123.2621
warm,c#,x86,rsa4096_decrypt,144.8319
warm,c#,x86,rsa4096_decrypt,97.2572
warm,c#,x86,rsa4096_decrypt,120.2801
warm,c#,x86,rsa4096_encrypt,92.2365
warm,c#,x86,rsa4096_encrypt,103.5233
warm,c#,x86,rsa4096_encrypt,92.8055
warm,c#,x86,rsa4096_encrypt,97.5119
warm,c#,x86,rsa4096_encrypt,99.8474
warm,c#,x86,rsa4096_encrypt,68.9811
warm,c#,x86,rsa4096_encrypt,77.8081
warm,c#,x86,rsa4096_encrypt,92.2847
warm,c#,x86,rsa4096_encrypt,66.3406
warm,c#,x86,rsa4096_encrypt,86.1401
warm,c#,x86,rsa4096_encrypt,91.0134
warm,c#,x86,rsa4096_encrypt,76.5017
warm,c#,x86,rsa4096_encrypt,135.232
warm,c#,x86,rsa4096_encrypt,64.958
warm,c#,x86,rsa4096_encrypt,68.8431
warm,c#,x86,rsa4096_encrypt,78.2398
warm,c#,x86,rsa4096_encrypt,81.2321
warm,c#,x86,rsa4096_encrypt,77.2612
warm,c#,x86,rsa4096_encrypt,84.2162
warm,c#,x86,rsa4096_encrypt,85.0599
warm,c#,x86,rsa4096_encrypt,90.7792
warm,c#,x86,rsa4096_encrypt,87.9409
warm,c#,x86,rsa4096_encrypt,65.7267
warm,c#,x86,rsa4096_encrypt,72.2037
warm,c#,x86,rsa4096_encrypt,70.3347
warm,c#,x86,rsa4096_encrypt,93.4664
warm,c#,x86,rsa4096_encrypt,86.4698
warm,c#,x86,rsa4096_encrypt,76.0948
warm,c#,x86,rsa4096_encrypt,296.7849
warm,c#,x86,rsa4096_encrypt,67.6824
warm,java,x86,ecc256_sign,148.8289
warm,java,x86,ecc256_sign,146.1382
warm,java,x86,ecc256_sign,158.2837
warm,java,x86,ecc256_sign,146.3829
warm,java,x86,ecc256_sign,137.3678
warm,java,x86,ecc256_sign,144.4161
warm,java,x86,ecc256_sign,137.4531
warm,java,x86,ecc256_sign,121.2454
warm,java,x86,ecc256_sign,131.1863
warm,java,x86,ecc256_sign,113.6496
warm,java,x86,ecc256_sign,148.7761
warm,java,x86,ecc256_sign,125.5094
warm,java,x86,ecc256_sign,166.8074
warm,java,x86,ecc256_sign,136.645
warm,java,x86,ecc256_sign,131.1646
warm,java,x86,ecc256_sign,127.5587
warm,java,x86,ecc256_sign,136.5988
warm,java,x86,ecc256_sign,112.4869
warm,java,x86,ecc256_sign,150.5114
warm,java,x86,ecc256_sign,120.5719
warm,java,x86,ecc256_sign,102.9195
warm,java,x86,ecc256_sign,122.0182
warm,java,x86,ecc256_sign,136.2271
warm,java,x86,ecc256_sign,128.2439
warm,java,x86,ecc256_sign,135.1924
warm,java,x86,ecc256_sign,150.7256
warm,java,x86,ecc256_sign,128.3887
warm,java,x86,ecc256_sign,122.9787
warm,java,x86,ecc256_sign,135.8988
warm,java,x86,ecc256_sign,121.0508
warm,java,x86,ecc256_verify,114.8861
warm,java,x86,ecc256_verify,92.1262
warm,java,x86,ecc256_verify,101.2139
warm,java,x86,ecc256_verify,110.9938
warm,java,x86,ecc256_verify,97.5086
warm,java,x86,ecc256_verify,120.6375
warm,java,x86,ecc256_verify,96.9307
warm,java,x86,ecc256_verify,104.9726
warm,java,x86,ecc256_verify,102.45
warm,java,x86,ecc256_verify,113.4571
warm,java,x86,ecc256_verify,91.1484
warm,java,x86,ecc256_verify,102.7574
warm,java,x86,ecc256_verify,225.4196
warm,java,x86,ecc256_verify,80.8993
warm,java,x86,ecc256_verify,112.1801
warm,java,x86,ecc256_verify,93.1297
warm,java,x86,ecc256_verify,91.2686
warm,java,x86,ecc256_verify,110.7286
warm,java,x86,ecc256_verify,128.1406
warm,java,x86,ecc256_verify,120.8493
warm,java,x86,ecc256_verify,137.4857
warm,java,x86,ecc256_verify,104.5213
warm,java,x86,ecc256_verify,83.7916
warm,java,x86,ecc256_verify,90.4874
warm,java,x86,ecc256_verify,86.3655
warm,java,x86,ecc256_verify,95.1053
warm,java,x86,ecc256_verify,105.5539
warm,java,x86,ecc256_verify,167.8278
warm,java,x86,ecc256_verify,101.2828
warm,java,x86,ecc256_verify,82.6074
warm,java,x86,ecc384_sign,152.8815
warm,java,x86,ecc384_sign,146.2053
warm,java,x86,ecc384_sign,141.2463
warm,java,x86,ecc384_sign,134.4978
warm,java,x86,ecc384_sign,186.9568
warm,java,x86,ecc384_sign,159.0305
warm,java,x86,ecc384_sign,162.0375
warm,java,x86,ecc384_sign,142.2874
warm,java,x86,ecc384_sign,155.5373
warm,java,x86,ecc384_sign,175.6028
warm,java,x86,ecc384_sign,164.0151
warm,java,x86,ecc384_sign,144.1063
warm,java,x86,ecc384_sign,153.671
warm,java,x86,ecc384_sign,144.6075
warm,java,x86,ecc384_sign,122.7535
warm,java,x86,ecc384_sign,175.001
warm,java,x86,ecc384_sign,137.2663
warm,java,x86,ecc384_sign,251.3094
warm,java,x86,ecc384_sign,120.9674
warm,java,x86,ecc384_sign,168.6779
warm,java,x86,ecc384_sign,135.5485
warm,java,x86,ecc384_sign,193.7365
warm,java,x86,ecc384_sign,139.3212
warm,java,x86,ecc384_sign,116.8986
warm,java,x86,ecc384_sign,130.4974
warm,java,x86,ecc384_sign,115.5533
warm,java,x86,ecc384_sign,130.2562
warm,java,x86,ecc384_sign,130.6531
warm,java,x86,ecc384_sign,125.1016
warm,java,x86,ecc384_sign,137.4066
warm,java,x86,ecc384_verify,115.9628
warm,java,x86,ecc384_verify,171.2842
warm,java,x86,ecc384_verify,120.4015
warm,java,x86,ecc384_verify,105.2521
warm,java,x86,ecc384_verify,111.6423
warm,java,x86,ecc384_verify,88.847
warm,java,x86,ecc384_verify,77.662
warm,java,x86,ecc384_verify,108.3757
warm,java,x86,ecc384_verify,102.6042
warm,java,x86,ecc384_verify,94.8356
warm,java,x86,ecc384_verify,107.6337
warm,java,x86,ecc384_verify,129.8852
warm,java,x86,ecc384_verify,102.2313
warm,java,x86,ecc384_verify,89.9545
warm,java,x86,ecc384_verify,104.3908
warm,java,x86,ecc384_verify,98.5151
warm,java,x86,ecc384_verify,90.1142
warm,java,x86,ecc384_verify,92.9599
warm,java,x86,ecc384_verify,108.9334
warm,java,x86,ecc384_verify,133.9126
warm,java,x86,ecc384_verify,97.2227
warm,java,x86,ecc384_verify,107.3715
warm,java,x86,ecc384_verify,80.8438
warm,java,x86,ecc384_verify,89.4253
warm,java,x86,ecc384_verify,91.3025
warm,java,x86,ecc384_verify,104.4546
warm,java,x86,ecc384_verify,111.9496
warm,java,x86,ecc384_verify,93.7885
warm,java,x86,ecc384_verify,103.0456
warm,java,x86,ecc384_verify,97.5911
warm,java,x86,rsa2048_decrypt,197.838
warm,java,x86,rsa2048_decrypt,172.096
warm,java,x86,rsa2048_decrypt,242.3175
warm,java,x86,rsa2048_decrypt,139.2418
warm,java,x86,rsa2048_decrypt,141.0534
warm,java,x86,rsa2048_decrypt,419.4125
warm,java,x86,rsa2048_decrypt,131.842
warm,java,x86,rsa2048_decrypt,162.1232
warm,java,x86,rsa2048_decrypt,168.4822
warm,java,x86,rsa2048_decrypt,133.4009
warm,java,x86,rsa2048_decrypt,168.8845
warm,java,x86,rsa2048_decrypt,161.6346
warm,java,x86,rsa2048_decrypt,133.9745
warm,java,x86,rsa2048_decrypt,119.0346
warm,java,x86,rsa2048_decrypt,176.4035
warm,java,x86,rsa2048_decrypt,148.5271
warm,java,x86,rsa2048_decrypt,135.2434
warm,java,x86,rsa2048_decrypt,127.5744
warm,java,x86,rsa2048_decrypt,146.175
warm,java,x86,rsa2048_decrypt,135.768
warm,java,x86,rsa2048_decrypt,127.3002
warm,java,x86,rsa2048_decrypt,145.6678
warm,java,x86,rsa2048_decrypt,180.859
warm,java,x86,rsa2048_decrypt,122.1603
warm,java,x86,rsa2048_decrypt,131.315
warm,java,x86,rsa2048_decrypt,132.8638
warm,java,x86,rsa2048_decrypt,166.3763
warm,java,x86,rsa2048_decrypt,163.7925
warm,java,x86,rsa2048_decrypt,157.8982
warm,java,x86,rsa2048_decrypt,139.51
warm,java,x86,rsa2048_encrypt,125.168
warm,java,x86,rsa2048_encrypt,178.6637
warm,java,x86,rsa2048_encrypt,135.328
warm,java,x86,rsa2048_encrypt,134.0598
warm,java,x86,rsa2048_encrypt,167.1662
warm,java,x86,rsa2048_encrypt,155.2252
warm,java,x86,rsa2048_encrypt,160.492
warm,java,x86,rsa2048_encrypt,134.1945
warm,java,x86,rsa2048_encrypt,153.2301
warm,java,x86,rsa2048_encrypt,158.8578
warm,java,x86,rsa2048_encrypt,126.8557
warm,java,x86,rsa2048_encrypt,141.1117
warm,java,x86,rsa2048_encrypt,141.3932
warm,java,x86,rsa2048_encrypt,282.1813
warm,java,x86,rsa2048_encrypt,129.1288
warm,java,x86,rsa2048_encrypt,169.1671
warm,java,x86,rsa2048_encrypt,129.6819
warm,java,x86,rsa2048_encrypt,145.8835
warm,java,x86,rsa2048_encrypt,122.4005
warm,java,x86,rsa2048_encrypt,142.5275
warm,java,x86,rsa2048_encrypt,141.3171
warm,java,x86,rsa2048_encrypt,124.0382
warm,java,x86,rsa2048_encrypt,113.0645
warm,java,x86,rsa2048_encrypt,236.1609
warm,java,x86,rsa2048_encrypt,122.5258
warm,java,x86,rsa2048_encrypt,121.2687
warm,java,x86,rsa2048_encrypt,106.954
warm,java,x86,rsa2048_encrypt,120.7127
warm,java,x86,rsa2048_encrypt,109.4713
warm,java,x86,rsa2048_encrypt,146.408
warm,java,x86,rsa3072_decrypt,139.1201
warm,java,x86,rsa3072_decrypt,165.2596
warm,java,x86,rsa3072_decrypt,178.6304
warm,java,x86,rsa3072_decrypt,142.1439
warm,java,x86,rsa3072_decrypt,142.7225
warm,java,x86,rsa3072_decrypt,163.5593
warm,java,x86,rsa3072_decrypt,137.7241
warm,java,x86,rsa3072_decrypt,146.7361
warm,java,x86,rsa3072_decrypt,167.5316
warm,java,x86,rsa3072_decrypt,189.7957
warm,java,x86,rsa3072_decrypt,123.3468
warm,java,x86,rsa3072_decrypt,160.5795
warm,java,x86,rsa3072_decrypt,172.6947
warm,java,x86,rsa3072_decrypt,175.8965
warm,java,x86,rsa3072_decrypt,147.8995
warm,java,x86,rsa3072_decrypt,140.2047
warm,java,x86,rsa3072_decrypt,133.3366
warm,java,x86,rsa3072_decrypt,154.5932
warm,java,x86,rsa3072_decrypt,160.6512
warm,java,x86,rsa3072_decrypt,134.3893
warm,java,x86,rsa3072_decrypt,145.6528
warm,java,x86,rsa3072_decrypt,115.5267
warm,java,x86,rsa3072_decrypt,125.0211
warm,java,x86,rsa3072_decrypt,133.1629
warm,java,x86,rsa3072_decrypt,146.7957
warm,java,x86,rsa3072_decrypt,131.8135
warm,java,x86,rsa3072_decrypt,120.5941
warm,java,x86,rsa3072_decrypt,147.0022
warm,java,x86,rsa3072_decrypt,130.1656
warm,java,x86,rsa3072_decrypt,119.6618
warm,java,x86,rsa3072_encrypt,149.4754
warm,java,x86,rsa3072_encrypt,174.3252
warm,java,x86,rsa3072_encrypt,164.3301
warm,java,x86,rsa3072_encrypt,145.0482
warm,java,x86,rsa3072_encrypt,143.6763
warm,java,x86,rsa3072_encrypt,137.8258
warm,java,x86,rsa3072_encrypt,160.5835
warm,java,x86,rsa3072_encrypt,147.6947
warm,java,x86,rsa3072_encrypt,141.9386
warm,java,x86,rsa3072_encrypt,166.7533
warm,java,x86,rsa3072_encrypt,139.047
warm,java,x86,rsa3072_encrypt,133.6092
warm,java,x86,rsa3072_encrypt,157.8681
warm,java,x86,rsa3072_encrypt,135.4417
warm,java,x86,rsa3072_encrypt,145.848
warm,java,x86,rsa3072_encrypt,137.4444
warm,java,x86,rsa3072_encrypt,150.1914
warm,java,x86,rsa3072_encrypt,124.8162
warm,java,x86,rsa3072_encrypt,110.8145
warm,java,x86,rsa3072_encrypt,130.3748
warm,java,x86,rsa3072_encrypt,117.6181
warm,java,x86,rsa3072_encrypt,153.5139
warm,java,x86,rsa3072_encrypt,119.6651
warm,java,x86,rsa3072_encrypt,157.929
warm,java,x86,rsa3072_encrypt,139.5891
warm,java,x86,rsa3072_encrypt,127.3578
warm,java,x86,rsa3072_encrypt,140.1435
warm,java,x86,rsa3072_encrypt,118.2358
warm,java,x86,rsa3072_encrypt,147.5084
warm,java,x86,rsa3072_encrypt,121.8956
warm,java,x86,rsa4096_decrypt,180.2468
warm,java,x86,rsa4096_decrypt,176.2796
warm,java,x86,rsa4096_decrypt,170.3225
warm,java,x86,rsa4096_decrypt,163.0067
warm,java,x86,rsa4096_decrypt,165.5327
warm,java,x86,rsa4096_decrypt,172.8168
warm,java,x86,rsa4096_decrypt,142.9537
warm,java,x86,rsa4096_decrypt,115.7236
warm,java,x86,rsa4096_decrypt,166.722
warm,java,x86,rsa4096_decrypt,8438.2477
warm,java,x86,rsa4096_decrypt,159.2487
warm,java,x86,rsa4096_decrypt,295.0905
warm,java,x86,rsa4096_decrypt,173.436
warm,java,x86,rsa4096_decrypt,148.7071
warm,java,x86,rsa4096_decrypt,197.6527
warm,java,x86,rsa4096_decrypt,324.1315
warm,java,x86,rsa4096_decrypt,155.2578
warm,java,x86,rsa4096_decrypt,181.2866
warm,java,x86,rsa4096_decrypt,167.794
warm,java,x86,rsa4096_decrypt,156.5728
warm,java,x86,rsa4096_decrypt,146.0925
warm,java,x86,rsa4096_decrypt,134.8242
warm,java,x86,rsa4096_decrypt,197.0997
warm,java,x86,rsa4096_decrypt,122.4367
warm,java,x86,rsa4096_decrypt,172.1572
warm,java,x86,rsa4096_decrypt,158.3383
warm,java,x86,rsa4096_decrypt,183.7043
warm,java,x86,rsa4096_decrypt,198.0716
warm,java,x86,rsa4096_decrypt,136.7439
warm,java,x86,rsa4096_decrypt,143.7552
warm,java,x86,rsa4096_encrypt,144.07
warm,java,x86,rsa4096_encrypt,154.709
warm,java,x86,rsa4096_encrypt,165.1567
warm,java,x86,rsa4096_encrypt,135.8819
warm,java,x86,rsa4096_encrypt,147.3027
warm,java,x86,rsa4096_encrypt,155.0672
warm,java,x86,rsa4096_encrypt,154.5698
warm,java,x86,rsa4096_encrypt,153.7815
warm,java,x86,rsa4096_encrypt,146.4093
warm,java,x86,rsa4096_encrypt,135.5048
warm,java,x86,rsa4096_encrypt,139.5403
warm,java,x86,rsa4096_encrypt,141.0944
warm,java,x86,rsa4096_encrypt,125.9517
warm,java,x86,rsa4096_encrypt,155.1096
warm,java,x86,rsa4096_encrypt,174.3032
warm,java,x86,rsa4096_encrypt,408.1309
warm,java,x86,rsa4096_encrypt,113.7303
warm,java,x86,rsa4096_encrypt,131.1126
warm,java,x86,rsa4096_encrypt,152.7814
warm,java,x86,rsa4096_encrypt,134.337
warm,java,x86,rsa4096_encrypt,313.9997
warm,java,x86,rsa4096_encrypt,150.0512
warm,java,x86,rsa4096_encrypt,104.7424
warm,java,x86,rsa4096_encrypt,116.5019
warm,java,x86,rsa4096_encrypt,115.2069
warm,java,x86,rsa4096_encrypt,145.8971
warm,java,x86,rsa4096_encrypt,122.9677
warm,java,x86,rsa4096_encrypt,122.7434
warm,java,x86,rsa4096_encrypt,133.3865
warm,java,x86,rsa4096_encrypt,127.9849
warm,python,x86,ecc256_sign,164.1644
warm,python,x86,ecc256_sign,152.7561
warm,python,x86,ecc256_sign,139.1273
warm,python,x86,ecc256_sign,151.939
warm,python,x86,ecc256_sign,172.4863
warm,python,x86,ecc256_sign,159.2872
warm,python,x86,ecc256_sign,174.4324
warm,python,x86,ecc256_sign,179.8913
warm,python,x86,ecc256_sign,134.212
warm,python,x86,ecc256_sign,148.9422
warm,python,x86,ecc256_sign,151.7495
warm,python,x86,ecc256_sign,331.6935
warm,python,x86,ecc256_sign,147.0575
warm,python,x86,ecc256_sign,166.9399
warm,python,x86,ecc256_sign,146.9041
warm,python,x86,ecc256_sign,154.4738
warm,python,x86,ecc256_sign,177.7104
warm,python,x86,ecc256_sign,153.4505
warm,python,x86,ecc256_sign,146.8772
warm,python,x86,ecc256_sign,165.6147
warm,python,x86,ecc256_sign,162.5559
warm,python,x86,ecc256_sign,142.7512
warm,python,x86,ecc256_sign,155.2207
warm,python,x86,ecc256_sign,138.014
warm,python,x86,ecc256_sign,205.4293
warm,python,x86,ecc256_sign,179.7156
warm,python,x86,ecc256_sign,175.2521
warm,python,x86,ecc256_sign,151.3324
warm,python,x86,ecc256_sign,134.3011
warm,python,x86,ecc256_sign,279.8537
warm,python,x86,ecc256_verify,93.3786
warm,python,x86,ecc256_verify,97.1672
warm,python,x86,ecc256_verify,112.0951
warm,python,x86,ecc256_verify,79.8612
warm,python,x86,ecc256_verify,107.1768
warm,python,x86,ecc256_verify,98.0697
warm,python,x86,ecc256_verify,73.676
warm,python,x86,ecc256_verify,82.3092
warm,python,x86,ecc256_verify,119.0197
warm,python,x86,ecc256_verify,99.6451
warm,python,x86,ecc256_verify,93.8777
warm,python,x86,ecc256_verify,76.526
warm,python,x86,ecc256_verify,87.3289
warm,python,x86,ecc256_verify,73.4435
warm,python,x86,ecc256_verify,151.7864
warm,python,x86,ecc256_verify,79.5526
warm,python,x86,ecc256_verify,82.7583
warm,python,x86,ecc256_verify,137.95
warm,python,x86,ecc256_verify,73.1779
warm,python,x86,ecc256_verify,83.837
warm,python,x86,ecc256_verify,87.6903
warm,python,x86,ecc256_verify,71.2292
warm,python,x86,ecc256_verify,101.3401
warm,python,x86,ecc256_verify,81.8645
warm,python,x86,ecc256_verify,75.3096
warm,python,x86,ecc256_verify,81.9071
warm,python,x86,ecc256_verify,121.1609
warm,python,x86,ecc256_verify,76.3077
warm,python,x86,ecc256_verify,78.7583
warm,python,x86,ecc256_verify,87.3034
warm,python,x86,ecc384_sign,160.6929
warm,python,x86,ecc384_sign,149.2102
warm,python,x86,ecc384_sign,160.3644
warm,python,x86,ecc384_sign,154.8189
warm,python,x86,ecc384_sign,192.778
warm,python,x86,ecc384_sign,166.465
warm,python,x86,ecc384_sign,213.7069
warm,python,x86,ecc384_sign,168.1884
warm,python,x86,ecc384_sign,163.3184
warm,python,x86,ecc384_sign,147.9028
warm,python,x86,ecc384_sign,152.0773
warm,python,x86,ecc384_sign,170.4548
warm,python,x86,ecc384_sign,156.3049
warm,python,x86,ecc384_sign,143.8586
warm,python,x86,ecc384_sign,148.2951
warm,python,x86,ecc384_sign,159.3703
warm,python,x86,ecc384_sign,155.0168
warm,python,x86,ecc384_sign,163.0119
warm,python,x86,ecc384_sign,167.9538
warm,python,x86,ecc384_sign,162.8242
warm,python,x86,ecc384_sign,192.9755
warm,python,x86,ecc384_sign,159.5364
warm,python,x86,ecc384_sign,144.4305
warm,python,x86,ecc384_sign,161.5014
warm,python,x86,ecc384_sign,226.3377
warm,python,x86,ecc384_sign,160.3359
warm,python,x86,ecc384_sign,208.9365
warm,python,x86,ecc384_sign,141.5179
warm,python,x86,ecc384_sign,141.9449
warm,python,x86,ecc384_sign,229.8177
warm,python,x86,ecc384_verify,88.5303
warm,python,x86,ecc384_verify,99.4411
warm,python,x86,ecc384_verify,150.3352
warm,python,x86,ecc384_verify,193.4031
warm,python,x86,ecc384_verify,90.5027
warm,python,x86,ecc384_verify,85.8548
warm,python,x86,ecc384_verify,69.7398
warm,python,x86,ecc384_verify,89.7381
warm,python,x86,ecc384_verify,104.9561
warm,python,x86,ecc384_verify,72.8636
warm,python,x86,ecc384_verify,99.9056
warm,python,x86,ecc384_verify,79.1362
warm,python,x86,ecc384_verify,90.4328
warm,python,x86,ecc384_verify,93.4989
warm,python,x86,ecc384_verify,89.8655
warm,python,x86,ecc384_verify,71.3413
warm,python,x86,ecc384_verify,102.7023
warm,python,x86,ecc384_verify,96.7577
warm,python,x86,ecc384_verify,92.1249
warm,python,x86,ecc384_verify,84.1672
warm,python,x86,ecc384_verify,85.9303
warm,python,x86,ecc384_verify,88.5576
warm,python,x86,ecc384_verify,95.5159
warm,python,x86,ecc384_verify,131.496
warm,python,x86,ecc384_verify,89.1657
warm,python,x86,ecc384_verify,82.1351
warm,python,x86,ecc384_verify,81.0982
warm,python,x86,ecc384_verify,101.4312
warm,python,x86,ecc384_verify,66.53
warm,python,x86,ecc384_verify,185.5293
warm,python,x86,rsa2048_decrypt,156.5947
warm,python,x86,rsa2048_decrypt,155.784
warm,python,x86,rsa2048_decrypt,149.7758
warm,python,x86,rsa2048_decrypt,152.3247
warm,python,x86,rsa2048_decrypt,157.8682
warm,python,x86,rsa2048_decrypt,186.1015
warm,python,x86,rsa2048_decrypt,172.6026
warm,python,x86,rsa2048_decrypt,150.1116
warm,python,x86,rsa2048_decrypt,514.3865
warm,python,x86,rsa2048_decrypt,169.0338
warm,python,x86,rsa2048_decrypt,149.7557
warm,python,x86,rsa2048_decrypt,147.3687
warm,python,x86,rsa2048_decrypt,163.0863
warm,python,x86,rsa2048_decrypt,178.3633
warm,python,x86,rsa2048_decrypt,156.495
warm,python,x86,rsa2048_decrypt,6883.134
warm,python,x86,rsa2048_decrypt,205.6016
warm,python,x86,rsa2048_decrypt,169.5052
warm,python,x86,rsa2048_decrypt,161.1465
warm,python,x86,rsa2048_decrypt,235.5612
warm,python,x86,rsa2048_decrypt,163.4814
warm,python,x86,rsa2048_decrypt,163.7675
warm,python,x86,rsa2048_decrypt,152.5894
warm,python,x86,rsa2048_decrypt,250.9572
warm,python,x86,rsa2048_decrypt,209.0326
warm,python,x86,rsa2048_decrypt,172.0728
warm,python,x86,rsa2048_decrypt,144.5504
warm,python,x86,rsa2048_decrypt,167.4218
warm,python,x86,rsa2048_decrypt,163.7492
warm,python,x86,rsa2048_decrypt,213.8467
warm,python,x86,rsa2048_encrypt,91.3459
warm,python,x86,rsa2048_encrypt,99.1723
warm,python,x86,rsa2048_encrypt,86.2262
warm,python,x86,rsa2048_encrypt,91.5023
warm,python,x86,rsa2048_encrypt,81.206
warm,python,x86,rsa2048_encrypt,85.5124
warm,python,x86,rsa2048_encrypt,81.9137
warm,python,x86,rsa2048_encrypt,85.1804
warm,python,x86,rsa2048_encrypt,87.5799
warm,python,x86,rsa2048_encrypt,110.5456
warm,python,x86,rsa2048_encrypt,77.0057
warm,python,x86,rsa2048_encrypt,85.1835
warm,python,x86,rsa2048_encrypt,82.2453
warm,python,x86,rsa2048_encrypt,85.9799
warm,python,x86,rsa2048_encrypt,102.9492
warm,python,x86,rsa2048_encrypt,90.8919
warm,python,x86,rsa2048_encrypt,85.4449
warm,python,x86,rsa2048_encrypt,91.1005
warm,python,x86,rsa2048_encrypt,118.4129
warm,python,x86,rsa2048_encrypt,82.0246
warm,python,x86,rsa2048_encrypt,78.1438
warm,python,x86,rsa2048_encrypt,116.3875
warm,python,x86,rsa2048_encrypt,102.7156
warm,python,x86,rsa2048_encrypt,74.2074
warm,python,x86,rsa2048_encrypt,80.1301
warm,python,x86,rsa2048_encrypt,165.196
warm,python,x86,rsa2048_encrypt,84.0858
warm,python,x86,rsa2048_encrypt,104.7512
warm,python,x86,rsa2048_encrypt,89.8077
warm,python,x86,rsa2048_encrypt,72.3446
warm,python,x86,rsa3072_decrypt,181.8573
warm,python,x86,rsa3072_decrypt,204.4831
warm,python,x86,rsa3072_decrypt,176.7719
warm,python,x86,rsa3072_decrypt,196.3517
warm,python,x86,rsa3072_decrypt,166.2526
warm,python,x86,rsa3072_decrypt,173.2588
warm,python,x86,rsa3072_decrypt,184.9794
warm,python,x86,rsa3072_decrypt,155.0317
warm,python,x86,rsa3072_decrypt,162.637
warm,python,x86,rsa3072_decrypt,165.2565
warm,python,x86,rsa3072_decrypt,199.8737
warm,python,x86,rsa3072_decrypt,161.609
warm,python,x86,rsa3072_decrypt,142.4221
warm,python,x86,rsa3072_decrypt,182.611
warm,python,x86,rsa3072_decrypt,166.6143
warm,python,x86,rsa3072_decrypt,155.4766
warm,python,x86,rsa3072_decrypt,181.4233
warm,python,x86,rsa3072_decrypt,195.7443
warm,python,x86,rsa3072_decrypt,185.47
warm,python,x86,rsa3072_decrypt,206.9186
warm,python,x86,rsa3072_decrypt,186.1937
warm,python,x86,rsa3072_decrypt,187.9134
warm,python,x86,rsa3072_decrypt,196.8737
warm,python,x86,rsa3072_decrypt,186.3365
warm,python,x86,rsa3072_decrypt,272.8789
warm,python,x86,rsa3072_decrypt,175.8174
warm,python,x86,rsa3072_decrypt,178.4033
warm,python,x86,rsa3072_decrypt,154.0602
warm,python,x86,rsa3072_decrypt,258.9433
warm,python,x86,rsa3072_decrypt,152.1216
warm,python,x86,rsa3072_encrypt,80.2557
warm,python,x86,rsa3072_encrypt,89.5609
warm,python,x86,rsa3072_encrypt,84.321
warm,python,x86,rsa3072_encrypt,128.9024
warm,python,x86,rsa3072_encrypt,102.8551
warm,python,x86,rsa3072_encrypt,98.1071
warm,python,x86,rsa3072_encrypt,88.261
warm,python,x86,rsa3072_encrypt,205.8046
warm,python,x86,rsa3072_encrypt,99.7878
warm,python,x86,rsa3072_encrypt,83.2994
warm,python,x86,rsa3072_encrypt,90.9207
warm,python,x86,rsa3072_encrypt,90.4167
warm,python,x86,rsa3072_encrypt,86.2284
warm,python,x86,rsa3072_encrypt,93.1404
warm,python,x86,rsa3072_encrypt,92.8064
warm,python,x86,rsa3072_encrypt,84.7666
warm,python,x86,rsa3072_encrypt,82.9302
warm,python,x86,rsa3072_encrypt,109.0492
warm,python,x86,rsa3072_encrypt,71.2118
warm,python,x86,rsa3072_encrypt,91.0242
warm,python,x86,rsa3072_encrypt,94.0853
warm,python,x86,rsa3072_encrypt,123.7895
warm,python,x86,rsa3072_encrypt,84.0322
warm,python,x86,rsa3072_encrypt,76.8155
warm,python,x86,rsa3072_encrypt,84.4099
warm,python,x86,rsa3072_encrypt,77.4822
warm,python,x86,rsa3072_encrypt,94.6833
warm,python,x86,rsa3072_encrypt,88.9764
warm,python,x86,rsa3072_encrypt,91.1805
warm,python,x86,rsa3072_encrypt,115.3954
warm,python,x86,rsa4096_decrypt,178.9623
warm,python,x86,rsa4096_decrypt,254.6985
warm,python,x86,rsa4096_decrypt,201.2665
warm,python,x86,rsa4096_decrypt,196.7172
warm,python,x86,rsa4096_decrypt,182.6405
warm,python,x86,rsa4096_decrypt,180.4475
warm,python,x86,rsa4096_decrypt,200.7583
warm,python,x86,rsa4096_decrypt,180.0742
warm,python,x86,rsa4096_decrypt,196.1076
warm,python,x86,rsa4096_decrypt,188.5066
warm,python,x86,rsa4096_decrypt,184.1525
warm,python,x86,rsa4096_decrypt,182.8205
warm,python,x86,rsa4096_decrypt,187.5462
warm,python,x86,rsa4096_decrypt,179.4956
warm,python,x86,rsa4096_decrypt,163.8972
warm,python,x86,rsa4096_decrypt,196.8353
warm,python,x86,rsa4096_decrypt,189.9331
warm,python,x86,rsa4096_decrypt,177.0753
warm,python,x86,rsa4096_decrypt,204.3176
warm,python,x86,rsa4096_decrypt,162.9373
warm,python,x86,rsa4096_decrypt,185.1979
warm,python,x86,rsa4096_decrypt,206.3359
warm,python,x86,rsa4096_decrypt,163.5112
warm,python,x86,rsa4096_decrypt,178.1678
warm,python,x86,rsa4096_decrypt,245.3156
warm,python,x86,rsa4096_decrypt,184.0353
warm,python,x86,rsa4096_decrypt,289.9606
warm,python,x86,rsa4096_decrypt,179.3118
warm,python,x86,rsa4096_decrypt,160.8825
warm,python,x86,rsa4096_decrypt,246.3517
warm,python,x86,rsa4096_encrypt,112.4775
warm,python,x86,rsa4096_encrypt,93.5709
warm,python,x86,rsa4096_encrypt,120.5484
warm,python,x86,rsa4096_encrypt,91.8061
warm,python,x86,rsa4096_encrypt,90.8171
warm,python,x86,rsa4096_encrypt,84.0851
warm,python,x86,rsa4096_encrypt,100.2356
warm,python,x86,rsa4096_encrypt,83.6735
warm,python,x86,rsa4096_encrypt,105.6699
warm,python,x86,rsa4096_encrypt,108.6259
warm,python,x86,rsa4096_encrypt,100.019
warm,python,x86,rsa4096_encrypt,73.036
warm,python,x86,rsa4096_encrypt,97.1204
warm,python,x86,rsa4096_encrypt,80.2403
warm,python,x86,rsa4096_encrypt,101.1097
warm,python,x86,rsa4096_encrypt,94.0606
warm,python,x86,rsa4096_encrypt,79.926
warm,python,x86,rsa4096_encrypt,110.307
warm,python,x86,rsa4096_encrypt,110.7351
warm,python,x86,rsa4096_encrypt,73.5012
warm,python,x86,rsa4096_encrypt,95.2898
warm,python,x86,rsa4096_encrypt,80.9013
warm,python,x86,rsa4096_encrypt,92.9907
warm,python,x86,rsa4096_encrypt,94.2504
warm,python,x86,rsa4096_encrypt,100.2216
warm,python,x86,rsa4096_encrypt,183.5935
warm,python,x86,rsa4096_encrypt,163.6188
warm,python,x86,rsa4096_encrypt,77.0418
warm,python,x86,rsa4096_encrypt,80.4441
warm,python,x86,rsa4096_encrypt,97.4146
warm,typescript,x86,ecc256_sign,164.5193
warm,typescript,x86,ecc256_sign,168.5759
warm,typescript,x86,ecc256_sign,150.9531
warm,typescript,x86,ecc256_sign,136.8872
warm,typescript,x86,ecc256_sign,177.6989
warm,typescript,x86,ecc256_sign,138.0337
warm,typescript,x86,ecc256_sign,164.4646
warm,typescript,x86,ecc256_sign,158.8861
warm,typescript,x86,ecc256_sign,124.764
warm,typescript,x86,ecc256_sign,164.4861
warm,typescript,x86,ecc256_sign,127.7651
warm,typescript,x86,ecc256_sign,165.6572
warm,typescript,x86,ecc256_sign,162.7599
warm,typescript,x86,ecc256_sign,150.5808
warm,typescript,x86,ecc256_sign,133.6493
warm,typescript,x86,ecc256_sign,139.5196
warm,typescript,x86,ecc256_sign,154.865
warm,typescript,x86,ecc256_sign,145.3108
warm,typescript,x86,ecc256_sign,139.23
warm,typescript,x86,ecc256_sign,145.4515
warm,typescript,x86,ecc256_sign,129.1902
warm,typescript,x86,ecc256_sign,133.5942
warm,typescript,x86,ecc256_sign,136.8585
warm,typescript,x86,ecc256_sign,135.1486
warm,typescript,x86,ecc256_sign,144.975
warm,typescript,x86,ecc256_sign,136.5233
warm,typescript,x86,ecc256_sign,135.0633
warm,typescript,x86,ecc256_sign,141.9168
warm,typescript,x86,ecc256_sign,155.593
warm,typescript,x86,ecc256_sign,137.3311
warm,typescript,x86,ecc256_verify,158.6432
warm,typescript,x86,ecc256_verify,155.2475
warm,typescript,x86,ecc256_verify,156.983
warm,typescript,x86,ecc256_verify,190.9211
warm,typescript,x86,ecc256_verify,148.7074
warm,typescript,x86,ecc256_verify,114.1694
warm,typescript,x86,ecc256_verify,136.6176
warm,typescript,x86,ecc256_verify,155.9954
warm,typescript,x86,ecc256_verify,150.7352
warm,typescript,x86,ecc256_verify,149.5544
warm,typescript,x86,ecc256_verify,133.8539
warm,typescript,x86,ecc256_verify,128.7587
warm,typescript,x86,ecc256_verify,123.0738
warm,typescript,x86,ecc256_verify,146.7459
warm,typescript,x86,ecc256_verify,135.5146
warm,typescript,x86,ecc256_verify,143.0419
warm,typescript,x86,ecc256_verify,130.669
warm,typescript,x86,ecc256_verify,139.4967
warm,typescript,x86,ecc256_verify,120.6706
warm,typescript,x86,ecc256_verify,148.2629
warm,typescript,x86,ecc256_verify,152.6144
warm,typescript,x86,ecc256_verify,116.6549
warm,typescript,x86,ecc256_verify,132.0244
warm,typescript,x86,ecc256_verify,139.8704
warm,typescript,x86,ecc256_verify,128.872
warm,typescript,x86,ecc256_verify,146.479
warm,typescript,x86,ecc256_verify,122.8326
warm,typescript,x86,ecc256_verify,136.8453
warm,typescript,x86,ecc256_verify,127.8002
warm,typescript,x86,ecc256_verify,161.8782
warm,typescript,x86,ecc384_sign,191.7772
warm,typescript,x86,ecc384_sign,179.7552
warm,typescript,x86,ecc384_sign,145.9858
warm,typescript,x86,ecc384_sign,166.7968
warm,typescript,x86,ecc384_sign,136.1933
warm,typescript,x86,ecc384_sign,195.706
warm,typescript,x86,ecc384_sign,234.5836
warm,typescript,x86,ecc384_sign,138.0653
warm,typescript,x86,ecc384_sign,168.3002
warm,typescript,x86,ecc384_sign,138.111
warm,typescript,x86,ecc384_sign,132.0292
warm,typescript,x86,ecc384_sign,159.2984
warm,typescript,x86,ecc384_sign,146.9045
warm,typescript,x86,ecc384_sign,145.1298
warm,typescript,x86,ecc384_sign,170.276
warm,typescript,x86,ecc384_sign,134.8669
warm,typescript,x86,ecc384_sign,156.9282
warm,typescript,x86,ecc384_sign,126.8693
warm,typescript,x86,ecc384_sign,167.641
warm,typescript,x86,ecc384_sign,148.4312
warm,typescript,x86,ecc384_sign,139.3635
warm,typescript,x86,ecc384_sign,158.163
warm,typescript,x86,ecc384_sign,150.7103
warm,typescript,x86,ecc384_sign,149.7243
warm,typescript,x86,ecc384_sign,124.4181
warm,typescript,x86,ecc384_sign,138.682
warm,typescript,x86,ecc384_sign,131.1803
warm,typescript,x86,ecc384_sign,118.8778
warm,typescript,x86,ecc384_sign,129.4364
warm,typescript,x86,ecc384_sign,128.2831
warm,typescript,x86,ecc384_verify,146.5414
warm,typescript,x86,ecc384_verify,152.2541
warm,typescript,x86,ecc384_verify,156.2002
warm,typescript,x86,ecc384_verify,135.6373
warm,typescript,x86,ecc384_verify,169.602
warm,typescript,x86,ecc384_verify,141.4309
warm,typescript,x86,ecc384_verify,129.6008
warm,typescript,x86,ecc384_verify,135.4175
warm,typescript,x86,ecc384_verify,139.5004
warm,typescript,x86,ecc384_verify,186.3032
warm,typescript,x86,ecc384_verify,135.2606
warm,typescript,x86,ecc384_verify,223.8371
warm,typescript,x86,ecc384_verify,145.7783
warm,typescript,x86,ecc384_verify,133.3467
warm,typescript,x86,ecc384_verify,148.6442
warm,typescript,x86,ecc384_verify,112.5857
warm,typescript,x86,ecc384_verify,121.9816
warm,typescript,x86,ecc384_verify,155.3865
warm,typescript,x86,ecc384_verify,126.5235
warm,typescript,x86,ecc384_verify,174.0079
warm,typescript,x86,ecc384_verify,144.3192
warm,typescript,x86,ecc384_verify,131.3064
warm,typescript,x86,ecc384_verify,135.9285
warm,typescript,x86,ecc384_verify,121.0879
warm,typescript,x86,ecc384_verify,134.0192
warm,typescript,x86,ecc384_verify,133.98
warm,typescript,x86,ecc384_verify,130.5434
warm,typescript,x86,ecc384_verify,141.3603
warm,typescript,x86,ecc384_verify,126.9864
warm,typescript,x86,ecc384_verify,147.9502
warm,typescript,x86,rsa2048_decrypt,159.1341
warm,typescript,x86,rsa2048_decrypt,181.2284
warm,typescript,x86,rsa2048_decrypt,137.8575
warm,typescript,x86,rsa2048_decrypt,146.343
warm,typescript,x86,rsa2048_decrypt,141.1166
warm,typescript,x86,rsa2048_decrypt,187.1189
warm,typescript,x86,rsa2048_decrypt,152.8391
warm,typescript,x86,rsa2048_decrypt,168.143
warm,typescript,x86,rsa2048_decrypt,155.6436
warm,typescript,x86,rsa2048_decrypt,276.3526
warm,typescript,x86,rsa2048_decrypt,147.3691
warm,typescript,x86,rsa2048_decrypt,140.593
warm,typescript,x86,rsa2048_decrypt,143.9214
warm,typescript,x86,rsa2048_decrypt,187.2469
warm,typescript,x86,rsa2048_decrypt,131.639
warm,typescript,x86,rsa2048_decrypt,181.247
warm,typescript,x86,rsa2048_decrypt,136.3238
warm,typescript,x86,rsa2048_decrypt,175.2338
warm,typescript,x86,rsa2048_decrypt,143.822
warm,typescript,x86,rsa2048_decrypt,143.5036
warm,typescript,x86,rsa2048_decrypt,131.2378
warm,typescript,x86,rsa2048_decrypt,181.602
warm,typescript,x86,rsa2048_decrypt,143.5533
warm,typescript,x86,rsa2048_decrypt,166.8746
warm,typescript,x86,rsa2048_decrypt,135.4873
warm,typescript,x86,rsa2048_decrypt,162.6604
warm,typescript,x86,rsa2048_decrypt,162.21
warm,typescript,x86,rsa2048_decrypt,153.0414
warm,typescript,x86,rsa2048_decrypt,158.5948
warm,typescript,x86,rsa2048_decrypt,175.4287
warm,typescript,x86,rsa2048_encrypt,163.2999
warm,typescript,x86,rsa2048_encrypt,340.0854
warm,typescript,x86,rsa2048_encrypt,183.4577
warm,typescript,x86,rsa2048_encrypt,126.1719
warm,typescript,x86,rsa2048_encrypt,125.4445
warm,typescript,x86,rsa2048_encrypt,139.4817
warm,typescript,x86,rsa2048_encrypt,130.4063
warm,typescript,x86,rsa2048_encrypt,134.5225
warm,typescript,x86,rsa2048_encrypt,143.5308
warm,typescript,x86,rsa2048_encrypt,144.4247
warm,typescript,x86,rsa2048_encrypt,140.1009
warm,typescript,x86,rsa2048_encrypt,121.8996
warm,typescript,x86,rsa2048_encrypt,138.6931
warm,typescript,x86,rsa2048_encrypt,128.9271
warm,typescript,x86,rsa2048_encrypt,143.1511
warm,typescript,x86,rsa2048_encrypt,138.6641
warm,typescript,x86,rsa2048_encrypt,131.9945
warm,typescript,x86,rsa2048_encrypt,146.1574
warm,typescript,x86,rsa2048_encrypt,144.4652
warm,typescript,x86,rsa2048_encrypt,121.7822
warm,typescript,x86,rsa2048_encrypt,147.3592
warm,typescript,x86,rsa2048_encrypt,136.9635
warm,typescript,x86,rsa2048_encrypt,115.8938
warm,typescript,x86,rsa2048_encrypt,138.9738
warm,typescript,x86,rsa2048_encrypt,113.7007
warm,typescript,x86,rsa2048_encrypt,152.1451
warm,typescript,x86,rsa2048_encrypt,144.2618
warm,typescript,x86,rsa2048_encrypt,154.7472
warm,typescript,x86,rsa2048_encrypt,135.2695
warm,typescript,x86,rsa2048_encrypt,135.5744
warm,typescript,x86,rsa3072_decrypt,154.819
warm,typescript,x86,rsa3072_decrypt,175.3535
warm,typescript,x86,rsa3072_decrypt,175.8573
warm,typescript,x86,rsa3072_decrypt,138.8344
warm,typescript,x86,rsa3072_decrypt,148.4433
warm,typescript,x86,rsa3072_decrypt,148.162
warm,typescript,x86,rsa3072_decrypt,151.2536
warm,typescript,x86,rsa3072_decrypt,161.4679
warm,typescript,x86,rsa3072_decrypt,174.8983
warm,typescript,x86,rsa3072_decrypt,150.1588
warm,typescript,x86,rsa3072_decrypt,159.1298
warm,typescript,x86,rsa3072_decrypt,147.3912
warm,typescript,x86,rsa3072_decrypt,174.1652
warm,typescript,x86,rsa3072_decrypt,146.7266
warm,typescript,x86,rsa3072_decrypt,136.054
warm,typescript,x86,rsa3072_decrypt,140.4666
warm,typescript,x86,rsa3072_decrypt,146.645
warm,typescript,x86,rsa3072_decrypt,126.8125
warm,typescript,x86,rsa3072_decrypt,171.0704
warm,typescript,x86,rsa3072_decrypt,167.2115
warm,typescript,x86,rsa3072_decrypt,159.53
warm,typescript,x86,rsa3072_decrypt,137.4716
warm,typescript,x86,rsa3072_decrypt,140.8407
warm,typescript,x86,rsa3072_decrypt,139.6466
warm,typescript,x86,rsa3072_decrypt,183.5701
warm,typescript,x86,rsa3072_decrypt,135.6574
warm,typescript,x86,rsa3072_decrypt,212.2948
warm,typescript,x86,rsa3072_decrypt,152.9286
warm,typescript,x86,rsa3072_decrypt,137.3067
warm,typescript,x86,rsa3072_decrypt,151.5913
warm,typescript,x86,rsa3072_encrypt,164.8752
warm,typescript,x86,rsa3072_encrypt,165.3545
warm,typescript,x86,rsa3072_encrypt,186.7429
warm,typescript,x86,rsa3072_encrypt,194.5273
warm,typescript,x86,rsa3072_encrypt,135.2416
warm,typescript,x86,rsa3072_encrypt,167.1727
warm,typescript,x86,rsa3072_encrypt,120.1193
warm,typescript,x86,rsa3072_encrypt,168.1542
warm,typescript,x86,rsa3072_encrypt,152.4366
warm,typescript,x86,rsa3072_encrypt,141.2723
warm,typescript,x86,rsa3072_encrypt,123.7836
warm,typescript,x86,rsa3072_encrypt,140.1718
warm,typescript,x86,rsa3072_encrypt,139.9588
warm,typescript,x86,rsa3072_encrypt,199.7284
warm,typescript,x86,rsa3072_encrypt,175.0129
warm,typescript,x86,rsa3072_encrypt,147.747
warm,typescript,x86,rsa3072_encrypt,128.996
warm,typescript,x86,rsa3072_encrypt,224.4437
warm,typescript,x86,rsa3072_encrypt,156.7003
warm,typescript,x86,rsa3072_encrypt,182.2789
warm,typescript,x86,rsa3072_encrypt,142.3418
warm,typescript,x86,rsa3072_encrypt,147.1008
warm,typescript,x86,rsa3072_encrypt,159.1323
warm,typescript,x86,rsa3072_encrypt,171.9571
warm,typescript,x86,rsa3072_encrypt,155.2129
warm,typescript,x86,rsa3072_encrypt,124.0498
warm,typescript,x86,rsa3072_encrypt,143.5809
warm,typescript,x86,rsa3072_encrypt,140.0445
warm,typescript,x86,rsa3072_encrypt,136.6805
warm,typescript,x86,rsa3072_encrypt,122.2275
warm,typescript,x86,rsa4096_decrypt,237.8688
warm,typescript,x86,rsa4096_decrypt,175.2046
warm,typescript,x86,rsa4096_decrypt,170.271
warm,typescript,x86,rsa4096_decrypt,180.3652
warm,typescript,x86,rsa4096_decrypt,197.1507
warm,typescript,x86,rsa4096_decrypt,168.1419
warm,typescript,x86,rsa4096_decrypt,157.0488
warm,typescript,x86,rsa4096_decrypt,135.3824
warm,typescript,x86,rsa4096_decrypt,163.8612
warm,typescript,x86,rsa4096_decrypt,190.8295
warm,typescript,x86,rsa4096_decrypt,178.9399
warm,typescript,x86,rsa4096_decrypt,173.8988
warm,typescript,x86,rsa4096_decrypt,181.4868
warm,typescript,x86,rsa4096_decrypt,159.9252
warm,typescript,x86,rsa4096_decrypt,175.3592
warm,typescript,x86,rsa4096_decrypt,151.8686
warm,typescript,x86,rsa4096_decrypt,160.2787
warm,typescript,x86,rsa4096_decrypt,182.3069
warm,typescript,x86,rsa4096_decrypt,144.9718
warm,typescript,x86,rsa4096_decrypt,168.8254
warm,typescript,x86,rsa4096_decrypt,136.0062
warm,typescript,x86,rsa4096_decrypt,142.1918
warm,typescript,x86,rsa4096_decrypt,191.3563
warm,typescript,x86,rsa4096_decrypt,172.1359
warm,typescript,x86,rsa4096_decrypt,189.4475
warm,typescript,x86,rsa4096_decrypt,185.704
warm,typescript,x86,rsa4096_decrypt,170.8071
warm,typescript,x86,rsa4096_decrypt,186.0709
warm,typescript,x86,rsa4096_decrypt,324.9247
warm,typescript,x86,rsa4096_decrypt,170.5401
warm,typescript,x86,rsa4096_encrypt,465.8765
warm,typescript,x86,rsa4096_encrypt,149.2465
warm,typescript,x86,rsa4096_encrypt,151.5052
warm,typescript,x86,rsa4096_encrypt,141.3535
warm,typescript,x86,rsa4096_encrypt,157.4497
warm,typescript,x86,rsa4096_encrypt,121.8232
warm,typescript,x86,rsa4096_encrypt,146.029
warm,typescript,x86,rsa4096_encrypt,140.9136
warm,typescript,x86,rsa4096_encrypt,131.5509
warm,typescript,x86,rsa4096_encrypt,140.2559
warm,typescript,x86,rsa4096_encrypt,125.0303
warm,typescript,x86,rsa4096_encrypt,133.3544
warm,typescript,x86,rsa4096_encrypt,132.1552
warm,typescript,x86,rsa4096_encrypt,120.1779
warm,typescript,x86,rsa4096_encrypt,130.3885
warm,typescript,x86,rsa4096_encrypt,107.2947
warm,typescript,x86,rsa4096_encrypt,136.2186
warm,typescript,x86,rsa4096_encrypt,129.7294
warm,typescript,x86,rsa4096_encrypt,133.2776
warm,typescript,x86,rsa4096_encrypt,157.9939
warm,typescript,x86,rsa4096_encrypt,124.0847
warm,typescript,x86,rsa4096_encrypt,190.6269
warm,typescript,x86,rsa4096_encrypt,136.904
warm,typescript,x86,rsa4096_encrypt,141.5547
warm,typescript,x86,rsa4096_encrypt,147.758
warm,typescript,x86,rsa4096_encrypt,124.4491
warm,typescript,x86,rsa4096_encrypt,153.1663
warm,typescript,x86,rsa4096_encrypt,120.8249
warm,typescript,x86,rsa4096_encrypt,120.7172
warm,typescript,x86,rsa4096_encrypt,136.6585
